,Image ,Compressor,Rating,WorkerID
0,wolfsketch,human,10,VY3S4TQ3X89A0U
1,wolfsketch,human,9,3358L7K3NIAAPU
2,wolfsketch,human,9,7G643W32EHYASI
3,wolfsketch,human,10,76V0TTR3RRUA34
4,wolfsketch,human,8,VU0ISM6131NAUI
5,wolfsketch,human,10,RPBLFR11J11AIS
6,wolfsketch,human,7,AM5G8272II2AJ9
7,wolfsketch,human,10,5AF0B7R25H0AL4
8,wolfsketch,human,10,ORCRK2X18YGAO7
9,wolfsketch,human,10,AR4VCW612TAA69
10,wolfsketch,human,10,M8XYF851IQVASO
11,wolfsketch,human,3,ZSXNTWI2XRBAAN
12,wolfsketch,human,10,5R39S3KOVJACB
13,wolfsketch,human,3,LN6GLW12NY3A65
14,wolfsketch,human,10,D9EZ9UF1BE4A7I
15,wolfsketch,human,9,TF1DT5O2CCCAZA
16,wolfsketch,human,9,KYOD77E3N5PA59
17,wolfsketch,human,8,NJ3VUEC2Z2OAQO
18,wolfsketch,human,8,P5KHBZ71KF4AC1
19,wolfsketch,human,9,J9QO2OF3HU0AAZ
20,wolfsketch,human,10,XJOTN851NQIA3N
21,wolfsketch,human,10,DODLWU9XNGABD
22,wolfsketch,human,6,1YPFHUI2LBNA1M
23,wolfsketch,human,8,DE29BZD3O7LAZA
24,wolfsketch,human,9,N8314X31U6IAK2
25,wolfsketch,human,8,HR7HOA5DEJAF9
26,wolfsketch,human,8,494DERF3T5GACU
27,wolfsketch,human,8,415E13MUR5ATA
28,wolfsketch,human,9,629WD6FZ0CAAZ
29,wolfsketch,human,8,KTRKPEF1MPAA1Q
30,wolfsketch,human,8,8LYQIZH23M3A0L
31,wolfsketch,human,3,Z71F2D6ALHAUQ
32,wolfsketch,human,8,OCWGEW13IMYAJ9
33,wolfsketch,human,10,1X4UIXG14KZAN4
34,wolfsketch,human,8,9RYFO0BYPEAYI
35,wolfsketch,human,10,78ZYLZ734TRAXY
36,wolfsketch,human,4,C78DVWV1X3WAYR
37,wolfsketch,human,9,W8PW1202KGEARX
38,wolfsketch,human,10,XNKS1JU1B70AEU
39,wolfsketch,human,10,RCE4FGM2A5ZA7I
40,wolfsketch,human,8,KKIXM0520VCA95
41,wolfsketch,human,7,EORR3XHJHEA32
42,wolfsketch,human,10,4GQQE6AJCZALM
43,wolfsketch,human,10,NVXPP0J2GPYAFX
44,wolfsketch,human,6,PPMDHMO3SKSAU0
45,wolfsketch,human,10,DF52XJAV3XAL8
46,wolfsketch,human,7,GQULGGE3ZJLAD5
47,wolfsketch,human,9,HXKKNLG5FJASZ
48,wolfsketch,human,10,5JLFH5O2PVWAID
49,wolfsketch,human,6,S1MJ5P92I68ARE
50,wolfsketch,human,10,QX9RG3O32FKA05
51,wolfsketch,human,10,ZLV37KZ2S1HAVX
52,wolfsketch,human,10,G0XBOM2A7XAHY
53,wolfsketch,human,6,SEHEPVO1BWUACT
54,wolfsketch,human,10,ZJ4MEAN32RJA4D
55,wolfsketch,human,4,3HZDK8PP9ZA0Y
56,wolfsketch,human,6,TYXC7073YRWADZ
57,wolfsketch,human,10,8H5OUC73CDVA59
58,wolfsketch,human,10,CARUOUC3CCLAWT
59,wolfsketch,human,10,AQV41WD2ZQ9AC5
60,wolfsketch,human,10,4I7EHG22XFRAZP
61,wolfsketch,human,8,5UOJLRD5WYA6I
62,wolfsketch,human,3,AMD72C220CQA67
63,wolfsketch,human,10,U17RZ8V1C6QAAD
64,wolfsketch,human,8,W2IYR0F2PT8AV0
65,wolfsketch,human,6,27RL20E28LKAFB
66,wolfsketch,human,9,SXFE5DY2G06AH5
67,wolfsketch,human,7,XOGVU552LRIAD9
68,wolfsketch,human,10,3NKYW6C2NA3AK6
69,wolfsketch,human,8,TX0VB3535GIAAO
70,wolfsketch,human,3,BCI705Y2O4NAT7
71,wolfsketch,human,8,XLDULJ71NFOA3P
72,wolfsketch,human,6,V8E0SI539SKAWD
73,wolfsketch,human,8,7NB2BOX283PAFN
74,wolfsketch,human,10,U7CC4G32AQLA97
75,wolfsketch,human,10,ALZZUZN17OKAZR
76,wolfsketch,human,8,PQ9VAUHYCFA31
77,wolfsketch,human,7,Q7D971W2TR3ASM
78,wolfsketch,human,9,RIFNZGT25KRA47
79,wolfsketch,human,6,BC3IHM72WIMA5F
80,wolfsketch,human,10,GYIC0OE26R7AHF
81,wolfsketch,human,7,E44A9SA8OVANI
82,wolfsketch,human,10,3XW9L51ZSXA5G
83,wolfsketch,human,10,OALVHOB3PCTAXV
84,wolfsketch,human,8,WG36I173JKLAHQ
85,wolfsketch,human,9,3LVY76Z29MPAI4
86,wolfsketch,human,9,8QK314W37B2AFA
87,wolfsketch,human,10,D2FNFMB3NB7AH1
88,wolfsketch,human,6,N5G5HDS2CSHAIP
89,wolfsketch,human,10,NCUFRIIPM4AQJ
90,wolfsketch,human,10,F1JNQVN3F0SAY6
91,wolfsketch,human,10,1WNYA7ZH4CAYS
92,wolfsketch,human,8,MYOJJZ52ZAPAXZ
93,wolfsketch,human,8,HDXC5TK2NJAA0Q
94,wolfsketch,human,8,T07IOE8H363CM3B22AS5
95,wolfsketch,human,10,E2K9K5F1GQFA9F
96,wolfsketch,human,7,CE6YPLY29M0A5J
97,wolfsketch,human,9,DSPEFR2RCUAOB
98,wolfsketch,human,2,8P5E16Q3DKZAT2
99,wolfsketch,human,5,P8MDA7O2GZAL1
100,wolfsketch,webp,2,ZBWO4XR3WLDAB1
101,wolfsketch,webp,2,93CU02214U9AH4
102,wolfsketch,webp,3,OCWGEW13IMYAJ9
103,wolfsketch,webp,9,4W5XC5K28XTA72
104,wolfsketch,webp,6,JXKQQ7XFSWAUP
105,wolfsketch,webp,2,3358L7K3NIAAPU
106,wolfsketch,webp,4,WEOHW1SYUZA1P
107,wolfsketch,webp,3,RX626IK3TL9AJF
108,wolfsketch,webp,5,5AF0B7R25H0AL4
109,wolfsketch,webp,4,DF52XJAV3XAL8
110,wolfsketch,webp,5,55CU8VR15WTARZ
111,wolfsketch,webp,4,QLZBTUENSIAKB
112,wolfsketch,webp,6,TF1DT5O2CCCAZA
113,wolfsketch,webp,4,U2WDA3S2BXLAT8
114,wolfsketch,webp,3,5UOJLRD5WYA6I
115,wolfsketch,webp,4,UJZZICT3QITAN4
116,wolfsketch,webp,3,BK2FN0JD7QAPE
117,wolfsketch,webp,4,DPCAVTNAC8A2B
118,wolfsketch,webp,5,XJKRCH42K8CA10
119,wolfsketch,webp,3,U17RZ8V1C6QAAD
120,wolfsketch,webp,5,XNKS1JU1B70AEU
121,wolfsketch,webp,2,YO7NZPA13SZAYI
122,wolfsketch,webp,3,DSPEFR2RCUAOB
123,wolfsketch,webp,2,ZOB1NKA1TIKAXY
124,wolfsketch,webp,9,YUBT4IYH45A0P
125,wolfsketch,webp,2,N8314X31U6IAK2
126,wolfsketch,webp,6,8EOQPM61JH6AXR
127,wolfsketch,webp,1,X6VTL6V351FAI4
128,wolfsketch,webp,3,AR4VCW612TAA69
129,wolfsketch,webp,5,3NKYW6C2NA3AK6
130,wolfsketch,webp,6,3GHVTRHJW8AAV
131,wolfsketch,webp,4,JI3M6KK2PE5ABR
132,wolfsketch,webp,2,AO8VFKD2794ANK
133,wolfsketch,webp,5,KFY4FDK2R18AFQ
134,wolfsketch,webp,3,S8TZ67W3RBMAYU
135,wolfsketch,webp,2,CPHK0JY1YUBA9D
136,wolfsketch,webp,5,OIDPOQH3MPOA9F
137,wolfsketch,webp,3,ICAC3NVYRCA0J
138,wolfsketch,webp,2,CARUOUC3CCLAWT
139,wolfsketch,webp,4,U7CC4G32AQLA97
140,wolfsketch,webp,1,13CS5HVV5DAU4
141,wolfsketch,webp,9,PIXPI1P3HW9ALN
142,wolfsketch,webp,3,RIFNZGT25KRA47
143,wolfsketch,webp,1,SXFE5DY2G06AH5
144,wolfsketch,webp,1,CE6YPLY29M0A5J
145,wolfsketch,webp,3,AZVNIJY15YXAXM
146,wolfsketch,webp,2,J9QO2OF3HU0AAZ
147,wolfsketch,webp,8,05CSVRT1IO6APA
148,wolfsketch,webp,4,MYOJJZ52ZAPAXZ
149,wolfsketch,webp,1,6G3GW011T8YAYC
150,wolfsketch,webp,6,QV1JQ3P78UAQ9
151,wolfsketch,webp,1,VSGXHLU2EJ8ANY
152,wolfsketch,webp,1,7S8FGZG22DKANC
153,wolfsketch,webp,3,JMP43AP19T0A4Y
154,wolfsketch,webp,2,CHIJRN23XMYA5L
155,wolfsketch,webp,10,1H161D7FZ8A7C
156,wolfsketch,webp,3,78ZYLZ734TRAXY
157,wolfsketch,webp,2,BUNK7GQ2ZRAVZ
158,wolfsketch,webp,1,BH1NOKI3B88ALP
159,wolfsketch,webp,3,ZLV37KZ2S1HAVX
160,wolfsketch,webp,4,LWGRM9H26SCA5G
161,wolfsketch,webp,1,M52ACAMQ84AJU
162,wolfsketch,webp,3,IJ36VE32KRNAOH
163,wolfsketch,webp,4,4YKBZN6256DA0X
164,wolfsketch,webp,3,861C8LQ2DULAKM
165,wolfsketch,webp,6,1WNYA7ZH4CAYS
166,wolfsketch,webp,5,K6F5QSO3G1SAE7
167,wolfsketch,webp,4,Y9DUK595PPA7Q
168,wolfsketch,webp,7,P5KHBZ71KF4AC1
169,wolfsketch,webp,3,JCBU0OH3QQ9ALL
170,wolfsketch,webp,3,BG3G8P32ZXPAZ9
171,wolfsketch,webp,5,HXKKNLG5FJASZ
172,wolfsketch,webp,1,WUY7RDN2AT0AYU
173,wolfsketch,webp,2,05N3CNJ1L8PAA4
174,wolfsketch,webp,3,828YA6MF01AWJ
175,wolfsketch,webp,3,IXLS21E2VJVAXD
176,wolfsketch,webp,1,TV8QPM62VTZAMJ
177,wolfsketch,webp,3,RXRKLOE2RYPAUG
178,wolfsketch,webp,3,SEHEPVO1BWUACT
179,wolfsketch,webp,2,OALVHOB3PCTAXV
180,wolfsketch,webp,3,UQ3PNOU2ZZTAOE
181,wolfsketch,webp,2,NH659F329UCAUK
182,wolfsketch,webp,1,DF79GTY3C2MA83
183,wolfsketch,webp,5,7FR3BO53GXHAFG
184,wolfsketch,webp,3,ZJ4MEAN32RJA4D
185,wolfsketch,webp,1,5R39S3KOVJACB
186,wolfsketch,webp,5,0L9B9RX1ZWFACY
187,wolfsketch,webp,3,I12REOP1P0TAJG
188,wolfsketch,webp,3,ADGEV092TK3ABU
189,wolfsketch,webp,3,KOM47IV2P8SAEV
190,wolfsketch,webp,3,60DUG1C1LZAII
191,wolfsketch,webp,4,69YOYWB12BSAIH
192,wolfsketch,webp,2,N5G5HDS2CSHAIP
193,wolfsketch,webp,6,WG36I173JKLAHQ
194,wolfsketch,webp,4,S2UIJ4832B2AGW
195,wolfsketch,webp,4,VCE5UJC2Y5VAV3
196,wolfsketch,webp,3,0DP9ANV2USPAZL
197,wolfsketch,webp,2,7G643W32EHYASI
198,wolfsketch,webp,2,43YAWUEWIGA32
199,wolfsketch,webp,1,BC3IHM72WIMA5F
200,arch,human,4,HR7HOA5DEJAF9
201,arch,human,2,7G643W32EHYASI
202,arch,human,2,5R39S3KOVJACB
203,arch,human,1,3358L7K3NIAAPU
204,arch,human,4,ZLV37KZ2S1HAVX
205,arch,human,3,V8E0SI539SKAWD
206,arch,human,10,5JLFH5O2PVWAID
207,arch,human,7,UDIWVARC8XABZ
208,arch,human,5,27RL20E28LKAFB
209,arch,human,4,3HZDK8PP9ZA0Y
210,arch,human,4,TYXC7073YRWADZ
211,arch,human,1,NCUFRIIPM4AQJ
212,arch,human,3,BCI705Y2O4NAT7
213,arch,human,3,1YPFHUI2LBNA1M
214,arch,human,5,P5KHBZ71KF4AC1
215,arch,human,1,494DERF3T5GACU
216,arch,human,3,8H5OUC73CDVA59
217,arch,human,2,I12REOP1P0TAJG
218,arch,human,3,DF52XJAV3XAL8
219,arch,human,2,NJ3VUEC2Z2OAQO
220,arch,human,3,55CU8VR15WTARZ
221,arch,human,8,VY3S4TQ3X89A0U
222,arch,human,3,1WNYA7ZH4CAYS
223,arch,human,4,HXKKNLG5FJASZ
224,arch,human,7,ZSXNTWI2XRBAAN
225,arch,human,2,1X4UIXG14KZAN4
226,arch,human,1,EORR3XHJHEA32
227,arch,human,4,DODLWU9XNGABD
228,arch,human,5,YIYKGBMLT9A1V
229,arch,human,2,BC3IHM72WIMA5F
230,arch,human,3,J9QO2OF3HU0AAZ
231,arch,human,8,D2FNFMB3NB7AH1
232,arch,human,7,G0XBOM2A7XAHY
233,arch,human,3,ZJ4MEAN32RJA4D
234,arch,human,3,XJOTN851NQIA3N
235,arch,human,6,VU0ISM6131NAUI
236,arch,human,8,SEHEPVO1BWUACT
237,arch,human,5,RIFNZGT25KRA47
238,arch,human,4,415E13MUR5ATA
239,arch,human,4,78ZYLZ734TRAXY
240,arch,human,6,OALVHOB3PCTAXV
241,arch,human,3,RCE4FGM2A5ZA7I
242,arch,human,4,T07IOE8H363CM3B22AS5
243,arch,human,5,E44A9SA8OVANI
244,arch,human,1,KYOD77E3N5PA59
245,arch,human,2,NTZ496ZG4BAOU
246,arch,human,2,KTRKPEF1MPAA1Q
247,arch,human,6,629WD6FZ0CAAZ
248,arch,human,6,WG36I173JKLAHQ
249,arch,human,8,5AF0B7R25H0AL4
250,arch,human,3,XOGVU552LRIAD9
251,arch,human,7,PQ9VAUHYCFA31
252,arch,human,2,GYIC0OE26R7AHF
253,arch,human,7,U7CC4G32AQLA97
254,arch,human,3,8P5E16Q3DKZAT2
255,arch,human,3,J8S8FTP124HA27
256,arch,human,8,TF1DT5O2CCCAZA
257,arch,human,3,C78DVWV1X3WAYR
258,arch,human,3,N5G5HDS2CSHAIP
259,arch,human,4,9RYFO0BYPEAYI
260,arch,human,1,VSGXHLU2EJ8ANY
261,arch,human,3,ALZZUZN17OKAZR
262,arch,human,2,M8XYF851IQVASO
263,arch,human,8,P8MDA7O2GZAL1
264,arch,human,3,5UOJLRD5WYA6I
265,arch,human,7,XNKS1JU1B70AEU
266,arch,human,3,OCWGEW13IMYAJ9
267,arch,human,3,N8314X31U6IAK2
268,arch,human,4,19OHE132D5OAFQ
269,arch,human,1,CARUOUC3CCLAWT
270,arch,human,3,S1MJ5P92I68ARE
271,arch,human,7,DE29BZD3O7LAZA
272,arch,human,7,TX0VB3535GIAAO
273,arch,human,3,3XW9L51ZSXA5G
274,arch,human,4,GQULGGE3ZJLAD5
275,arch,human,6,3LVY76Z29MPAI4
276,arch,human,5,NVXPP0J2GPYAFX
277,arch,human,5,W2IYR0F2PT8AV0
278,arch,human,2,Z71F2D6ALHAUQ
279,arch,human,2,F1JNQVN3F0SAY6
280,arch,human,3,CE6YPLY29M0A5J
281,arch,human,3,8LYQIZH23M3A0L
282,arch,human,1,4GQQE6AJCZALM
283,arch,human,6,E2K9K5F1GQFA9F
284,arch,human,6,4I7EHG22XFRAZP
285,arch,human,3,DSPEFR2RCUAOB
286,arch,human,1,Q7D971W2TR3ASM
287,arch,human,2,AR4VCW612TAA69
288,arch,human,6,SXFE5DY2G06AH5
289,arch,human,1,AM5G8272II2AJ9
290,arch,human,1,HDXC5TK2NJAA0Q
291,arch,human,8,QQXI85XIHEA2Q
292,arch,human,2,KVHQX931AA0A6E
293,arch,human,8,AMD72C220CQA67
294,arch,human,4,AQV41WD2ZQ9AC5
295,arch,human,1,U17RZ8V1C6QAAD
296,arch,human,4,QX9RG3O32FKA05
297,arch,human,10,ORCRK2X18YGAO7
298,arch,human,3,3NKYW6C2NA3AK6
299,arch,human,7,MYOJJZ52ZAPAXZ
300,arch,webp,6,DPCAVTNAC8A2B
301,arch,webp,8,PIXPI1P3HW9ALN
302,arch,webp,5,0L9B9RX1ZWFACY
303,arch,webp,2,AR4VCW612TAA69
304,arch,webp,4,ZOB1NKA1TIKAXY
305,arch,webp,1,CARUOUC3CCLAWT
306,arch,webp,2,0DP9ANV2USPAZL
307,arch,webp,4,KOM47IV2P8SAEV
308,arch,webp,3,BC3IHM72WIMA5F
309,arch,webp,3,CHIJRN23XMYA5L
310,arch,webp,4,3358L7K3NIAAPU
311,arch,webp,8,0V3GH29FAQAEO
312,arch,webp,6,SEHEPVO1BWUACT
313,arch,webp,2,BH1NOKI3B88ALP
314,arch,webp,6,4YKBZN6256DA0X
315,arch,webp,5,AZVNIJY15YXAXM
316,arch,webp,3,OCWGEW13IMYAJ9
317,arch,webp,7,HXKKNLG5FJASZ
318,arch,webp,8,K6F5QSO3G1SAE7
319,arch,webp,2,M52ACAMQ84AJU
320,arch,webp,4,ZBWO4XR3WLDAB1
321,arch,webp,5,UJZZICT3QITAN4
322,arch,webp,6,IXLS21E2VJVAXD
323,arch,webp,1,TV8QPM62VTZAMJ
324,arch,webp,6,RIFNZGT25KRA47
325,arch,webp,6,VGJU1SV3C23AEE
326,arch,webp,2,U2WDA3S2BXLAT8
327,arch,webp,7,7FR3BO53GXHAFG
328,arch,webp,7,PX09CEO2MRKAOL
329,arch,webp,7,DSPEFR2RCUAOB
330,arch,webp,6,BG3G8P32ZXPAZ9
331,arch,webp,4,SXFE5DY2G06AH5
332,arch,webp,7,DF52XJAV3XAL8
333,arch,webp,5,OIDPOQH3MPOA9F
334,arch,webp,2,6G3GW011T8YAYC
335,arch,webp,4,BK2FN0JD7QAPE
336,arch,webp,3,CE6YPLY29M0A5J
337,arch,webp,6,U17RZ8V1C6QAAD
338,arch,webp,4,VCE5UJC2Y5VAV3
339,arch,webp,7,JXKQQ7XFSWAUP
340,arch,webp,4,DF79GTY3C2MA83
341,arch,webp,2,RX626IK3TL9AJF
342,arch,webp,7,QV1JQ3P78UAQ9
343,arch,webp,8,861C8LQ2DULAKM
344,arch,webp,4,VSGXHLU2EJ8ANY
345,arch,webp,6,YUBT4IYH45A0P
346,arch,webp,1,WUY7RDN2AT0AYU
347,arch,webp,5,CPHK0JY1YUBA9D
348,arch,webp,4,ICAC3NVYRCA0J
349,arch,webp,8,U7CC4G32AQLA97
350,arch,webp,6,55CU8VR15WTARZ
351,arch,webp,3,YO7NZPA13SZAYI
352,arch,webp,5,XNKS1JU1B70AEU
353,arch,webp,2,ZLV37KZ2S1HAVX
354,arch,webp,10,1H161D7FZ8A7C
355,arch,webp,7,TF1DT5O2CCCAZA
356,arch,webp,2,S2UIJ4832B2AGW
357,arch,webp,8,P5KHBZ71KF4AC1
358,arch,webp,3,BUNK7GQ2ZRAVZ
359,arch,webp,5,WEOHW1SYUZA1P
360,arch,webp,6,Y9DUK595PPA7Q
361,arch,webp,8,1WNYA7ZH4CAYS
362,arch,webp,7,4W5XC5K28XTA72
363,arch,webp,4,N5G5HDS2CSHAIP
364,arch,webp,5,MYOJJZ52ZAPAXZ
365,arch,webp,3,7G643W32EHYASI
366,arch,webp,7,78ZYLZ734TRAXY
367,arch,webp,3,AO8VFKD2794ANK
368,arch,webp,6,XJKRCH42K8CA10
369,arch,webp,4,RXRKLOE2RYPAUG
370,arch,webp,6,JMP43AP19T0A4Y
371,arch,webp,6,OALVHOB3PCTAXV
372,arch,webp,5,828YA6MF01AWJ
373,arch,webp,3,13CS5HVV5DAU4
374,arch,webp,3,IJ36VE32KRNAOH
375,arch,webp,6,JI3M6KK2PE5ABR
376,arch,webp,7,5R39S3KOVJACB
377,arch,webp,3,S8TZ67W3RBMAYU
378,arch,webp,8,3NKYW6C2NA3AK6
379,arch,webp,5,7S8FGZG22DKANC
380,arch,webp,10,ZJ4MEAN32RJA4D
381,arch,webp,4,05N3CNJ1L8PAA4
382,arch,webp,4,NH659F329UCAUK
383,arch,webp,3,QLZBTUENSIAKB
384,arch,webp,7,UQ3PNOU2ZZTAOE
385,arch,webp,7,LWGRM9H26SCA5G
386,arch,webp,8,5AF0B7R25H0AL4
387,arch,webp,7,69YOYWB12BSAIH
388,arch,webp,6,8EOQPM61JH6AXR
389,arch,webp,3,X6VTL6V351FAI4
390,arch,webp,8,3GHVTRHJW8AAV
391,arch,webp,4,ADGEV092TK3ABU
392,arch,webp,5,N8314X31U6IAK2
393,arch,webp,4,J9QO2OF3HU0AAZ
394,arch,webp,7,I12REOP1P0TAJG
395,arch,webp,3,43YAWUEWIGA32
396,arch,webp,8,KFY4FDK2R18AFQ
397,arch,webp,7,WG36I173JKLAHQ
398,arch,webp,8,05CSVRT1IO6APA
399,arch,webp,4,5UOJLRD5WYA6I
400,balloon,human,5,3LVY76Z29MPAI4
401,balloon,human,5,QQH44EW7NAAMI
402,balloon,human,6,CHIJRN23XMYA5L
403,balloon,human,8,3NKYW6C2NA3AK6
404,balloon,human,8,XOGVU552LRIAD9
405,balloon,human,3,CE6YPLY29M0A5J
406,balloon,human,8,P5KHBZ71KF4AC1
407,balloon,human,7,7G643W32EHYASI
408,balloon,human,4,U17RZ8V1C6QAAD
409,balloon,human,1,Z71F2D6ALHAUQ
410,balloon,human,3,5R39S3KOVJACB
411,balloon,human,5,AQV41WD2ZQ9AC5
412,balloon,human,7,WG36I173JKLAHQ
413,balloon,human,2,NCUFRIIPM4AQJ
414,balloon,human,4,ZLV37KZ2S1HAVX
415,balloon,human,7,C78DVWV1X3WAYR
416,balloon,human,3,78ZYLZ734TRAXY
417,balloon,human,4,W2IYR0F2PT8AV0
418,balloon,human,3,GYIC0OE26R7AHF
419,balloon,human,8,629WD6FZ0CAAZ
420,balloon,human,8,3XW9L51ZSXA5G
421,balloon,human,8,QQXI85XIHEA2Q
422,balloon,human,8,ORCRK2X18YGAO7
423,balloon,human,9,P8MDA7O2GZAL1
424,balloon,human,9,ZSXNTWI2XRBAAN
425,balloon,human,10,U7CC4G32AQLA97
426,balloon,human,5,S1MJ5P92I68ARE
427,balloon,human,3,55CU8VR15WTARZ
428,balloon,human,6,27RL20E28LKAFB
429,balloon,human,5,494DERF3T5GACU
430,balloon,human,8,DE29BZD3O7LAZA
431,balloon,human,4,HDXC5TK2NJAA0Q
432,balloon,human,10,SXFE5DY2G06AH5
433,balloon,human,4,8LYQIZH23M3A0L
434,balloon,human,10,5JLFH5O2PVWAID
435,balloon,human,6,BCI705Y2O4NAT7
436,balloon,human,5,UDIWVARC8XABZ
437,balloon,human,9,RIFNZGT25KRA47
438,balloon,human,10,TF1DT5O2CCCAZA
439,balloon,human,8,D2FNFMB3NB7AH1
440,balloon,human,7,VU0ISM6131NAUI
441,balloon,human,8,E44A9SA8OVANI
442,balloon,human,6,T07IOE8H363CM3B22AS5
443,balloon,human,4,VSGXHLU2EJ8ANY
444,balloon,human,8,V8E0SI539SKAWD
445,balloon,human,9,9RYFO0BYPEAYI
446,balloon,human,7,HXKKNLG5FJASZ
447,balloon,human,7,5UOJLRD5WYA6I
448,balloon,human,8,8H5OUC73CDVA59
449,balloon,human,4,DSPEFR2RCUAOB
450,balloon,human,7,DF52XJAV3XAL8
451,balloon,human,5,BC3IHM72WIMA5F
452,balloon,human,4,J9QO2OF3HU0AAZ
453,balloon,human,10,3HZDK8PP9ZA0Y
454,balloon,human,7,PQ9VAUHYCFA31
455,balloon,human,8,MYOJJZ52ZAPAXZ
456,balloon,human,8,E2K9K5F1GQFA9F
457,balloon,human,2,NJ3VUEC2Z2OAQO
458,balloon,human,4,GQULGGE3ZJLAD5
459,balloon,human,8,TX0VB3535GIAAO
460,balloon,human,2,OCWGEW13IMYAJ9
461,balloon,human,9,I12REOP1P0TAJG
462,balloon,human,6,G0XBOM2A7XAHY
463,balloon,human,4,QX9RG3O32FKA05
464,balloon,human,10,SEHEPVO1BWUACT
465,balloon,human,8,KTRKPEF1MPAA1Q
466,balloon,human,4,Q7D971W2TR3ASM
467,balloon,human,5,HR7HOA5DEJAF9
468,balloon,human,4,J8S8FTP124HA27
469,balloon,human,9,ZJ4MEAN32RJA4D
470,balloon,human,8,19OHE132D5OAFQ
471,balloon,human,7,VY3S4TQ3X89A0U
472,balloon,human,6,F1JNQVN3F0SAY6
473,balloon,human,3,KYOD77E3N5PA59
474,balloon,human,6,N8314X31U6IAK2
475,balloon,human,3,AM5G8272II2AJ9
476,balloon,human,5,1WNYA7ZH4CAYS
477,balloon,human,6,OALVHOB3PCTAXV
478,balloon,human,8,M8XYF851IQVASO
479,balloon,human,4,AR4VCW612TAA69
480,balloon,human,8,NTZ496ZG4BAOU
481,balloon,human,4,TYXC7073YRWADZ
482,balloon,human,3,EORR3XHJHEA32
483,balloon,human,8,AMD72C220CQA67
484,balloon,human,7,1YPFHUI2LBNA1M
485,balloon,human,6,415E13MUR5ATA
486,balloon,human,9,XJOTN851NQIA3N
487,balloon,human,5,3358L7K3NIAAPU
488,balloon,human,7,5AF0B7R25H0AL4
489,balloon,human,8,YIYKGBMLT9A1V
490,balloon,human,4,N5G5HDS2CSHAIP
491,balloon,human,9,NVXPP0J2GPYAFX
492,balloon,human,7,4I7EHG22XFRAZP
493,balloon,human,8,1X4UIXG14KZAN4
494,balloon,human,4,CARUOUC3CCLAWT
495,balloon,human,2,KVHQX931AA0A6E
496,balloon,human,7,ALZZUZN17OKAZR
497,balloon,human,4,8P5E16Q3DKZAT2
498,balloon,human,10,XNKS1JU1B70AEU
499,balloon,human,8,4GQQE6AJCZALM
500,balloon,webp,3,93CU02214U9AH4
501,balloon,webp,9,CPHK0JY1YUBA9D
502,balloon,webp,6,XNKS1JU1B70AEU
503,balloon,webp,4,N8314X31U6IAK2
504,balloon,webp,6,55CU8VR15WTARZ
505,balloon,webp,4,0L9B9RX1ZWFACY
506,balloon,webp,6,P5KHBZ71KF4AC1
507,balloon,webp,7,CUPIC6G1OJFAKM
508,balloon,webp,10,93KQDHS1RLVAS1
509,balloon,webp,8,I12REOP1P0TAJG
510,balloon,webp,3,6QB2EEK183UAMX
511,balloon,webp,1,48IBIR91JWFAKE
512,balloon,webp,6,H3IKIW81K7HA25
513,balloon,webp,4,RPR3OZT1S9SAA4
514,balloon,webp,8,8EOQPM61JH6AXR
515,balloon,webp,7,8Q8CSCG1Y88AVN
516,balloon,webp,9,ALZZUZN17OKAZR
517,balloon,webp,7,C78DVWV1X3WAYR
518,balloon,webp,1,6G3GW011T8YAYC
519,balloon,webp,1,GFG1XUB1F0LAIE
520,balloon,webp,7,HY5OXD517ATA9Q
521,balloon,webp,2,GYIC0OE26R7AHF
522,balloon,webp,3,BCI705Y2O4NAT7
523,balloon,webp,2,Q5S11W2MS8A9U
524,balloon,webp,8,27RL20E28LKAFB
525,balloon,webp,4,7G643W32EHYASI
526,balloon,webp,5,U7CC4G32AQLA97
527,balloon,webp,5,SXFE5DY2G06AH5
528,balloon,webp,5,S1MJ5P92I68ARE
529,balloon,webp,7,JI3M6KK2PE5ABR
530,balloon,webp,2,RJAF7RT2GB2A0C
531,balloon,webp,3,Q7D971W2TR3ASM
532,balloon,webp,8,861C8LQ2DULAKM
533,balloon,webp,9,BG3G8P32ZXPAZ9
534,balloon,webp,1,F5H9ACQ207RAKY
535,balloon,webp,9,5AF0B7R25H0AL4
536,balloon,webp,4,AGWKBQ920C6AQX
537,balloon,webp,4,XJKRCH42K8CA10
538,balloon,webp,8,KFY4FDK2R18AFQ
539,balloon,webp,6,DSPEFR2RCUAOB
540,balloon,webp,3,BC3IHM72WIMA5F
541,balloon,webp,6,MYOJJZ52ZAPAXZ
542,balloon,webp,6,LWGRM9H26SCA5G
543,balloon,webp,4,KKIXM0520VCA95
544,balloon,webp,8,E0MZMT2231FATI
545,balloon,webp,6,UQ3PNOU2ZZTAOE
546,balloon,webp,7,KO5RO9T2EKJAXR
547,balloon,webp,5,CE6YPLY29M0A5J
548,balloon,webp,9,NVXPP0J2GPYAFX
549,balloon,webp,1,WUY7RDN2AT0AYU
550,balloon,webp,6,785GSIR26J7AO0
551,balloon,webp,9,TF1DT5O2CCCAZA
552,balloon,webp,5,VR2TU9W2G4FAF8
553,balloon,webp,9,XOGVU552LRIAD9
554,balloon,webp,5,ADGEV092TK3ABU
555,balloon,webp,7,OV5SV1D292EAIK
556,balloon,webp,7,3NKYW6C2NA3AK6
557,balloon,webp,2,RIFNZGT25KRA47
558,balloon,webp,7,VGJU1SV3C23AEE
559,balloon,webp,9,8P5E16Q3DKZAT2
560,balloon,webp,3,J9QO2OF3HU0AAZ
561,balloon,webp,3,JIN82QF3G3PATX
562,balloon,webp,6,ETKW5TN3O03AE8
563,balloon,webp,1,V048793ERMAOG
564,balloon,webp,8,ZJ4MEAN32RJA4D
565,balloon,webp,2,OCWGEW13IMYAJ9
566,balloon,webp,6,ONNJF0L3LF0AFT
567,balloon,webp,4,OALVHOB3PCTAXV
568,balloon,webp,7,WG36I173JKLAHQ
569,balloon,webp,5,UJZZICT3QITAN4
570,balloon,webp,5,NLZTLFY31F3AFC
571,balloon,webp,3,3358L7K3NIAAPU
572,balloon,webp,4,78ZYLZ734TRAXY
573,balloon,webp,8,4AQEOGT3VD9A74
574,balloon,webp,6,F1JNQVN3F0SAY6
575,balloon,webp,9,1QD1RH33D3WAYV
576,balloon,webp,2,CHIJRN23XMYA5L
577,balloon,webp,8,V8E0SI539SKAWD
578,balloon,webp,4,26H3UXA33IUA3Z
579,balloon,webp,3,PDU8EH4DE1AY8
580,balloon,webp,4,Z71F2D6ALHAUQ
581,balloon,webp,4,60DUG1C1LZAII
582,balloon,webp,5,5UOJLRD5WYA6I
583,balloon,webp,2,QLZBTUENSIAKB
584,balloon,webp,6,HXKKNLG5FJASZ
585,balloon,webp,2,EORR3XHJHEA32
586,balloon,webp,8,3GHVTRHJW8AAV
587,balloon,webp,10,IFOYBHKQJKANY
588,balloon,webp,2,5R39S3KOVJACB
589,balloon,webp,9,828YA6MF01AWJ
590,balloon,webp,8,YIYKGBMLT9A1V
591,balloon,webp,8,3HZDK8PP9ZA0Y
592,balloon,webp,4,QV1JQ3P78UAQ9
593,balloon,webp,7,UDIWVARC8XABZ
594,balloon,webp,6,WEOHW1SYUZA1P
595,balloon,webp,1,O0KFKPUJ94AGH
596,balloon,webp,9,QQH44EW7NAAMI
597,balloon,webp,5,QQXI85XIHEA2Q
598,balloon,webp,5,JXKQQ7XFSWAUP
599,balloon,webp,10,YUBT4IYH45A0P
600,train,human,4,TYXC7073YRWADZ
601,train,human,9,DSPEFR2RCUAOB
602,train,human,8,VY3S4TQ3X89A0U
603,train,human,10,5UOJLRD5WYA6I
604,train,human,9,TF1DT5O2CCCAZA
605,train,human,9,ALZZUZN17OKAZR
606,train,human,2,NJ3VUEC2Z2OAQO
607,train,human,9,AMD72C220CQA67
608,train,human,10,NVXPP0J2GPYAFX
609,train,human,8,7C123SB2WI4AKN
610,train,human,9,PQ9VAUHYCFA31
611,train,human,7,ZLV37KZ2S1HAVX
612,train,human,4,1YPFHUI2LBNA1M
613,train,human,5,CE6YPLY29M0A5J
614,train,human,2,SEHEPVO1BWUACT
615,train,human,8,HR7HOA5DEJAF9
616,train,human,4,S1MJ5P92I68ARE
617,train,human,3,ZSXNTWI2XRBAAN
618,train,human,9,MYOJJZ52ZAPAXZ
619,train,human,6,CARUOUC3CCLAWT
620,train,human,6,N5G5HDS2CSHAIP
621,train,human,4,3LVY76Z29MPAI4
622,train,human,7,ZJ4MEAN32RJA4D
623,train,human,6,4GQQE6AJCZALM
624,train,human,10,5JLFH5O2PVWAID
625,train,human,3,DF52XJAV3XAL8
626,train,human,10,N8314X31U6IAK2
627,train,human,4,HURIX8KOB5AHX
628,train,human,7,494DERF3T5GACU
629,train,human,7,NKK4J76OFKAAD
630,train,human,6,RIFNZGT25KRA47
631,train,human,6,BCI705Y2O4NAT7
632,train,human,7,XJOTN851NQIA3N
633,train,human,8,1X4UIXG14KZAN4
634,train,human,9,8P5E16Q3DKZAT2
635,train,human,6,E44A9SA8OVANI
636,train,human,7,XNKS1JU1B70AEU
637,train,human,10,4I7EHG22XFRAZP
638,train,human,7,P5KHBZ71KF4AC1
639,train,human,3,F1JNQVN3F0SAY6
640,train,human,7,OALVHOB3PCTAXV
641,train,human,7,J9QO2OF3HU0AAZ
642,train,human,6,UDIWVARC8XABZ
643,train,human,7,Q7PTCYYRDHATG
644,train,human,7,DE29BZD3O7LAZA
645,train,human,7,B62O2GB1T3RAUO
646,train,human,4,BC3IHM72WIMA5F
647,train,human,8,T7K4FR532IOAPF
648,train,human,4,C78DVWV1X3WAYR
649,train,human,8,3HZDK8PP9ZA0Y
650,train,human,9,U7CC4G32AQLA97
651,train,human,10,W2IYR0F2PT8AV0
652,train,human,7,8LYQIZH23M3A0L
653,train,human,2,VSGXHLU2EJ8ANY
654,train,human,10,3XW9L51ZSXA5G
655,train,human,4,19OHE132D5OAFQ
656,train,human,3,T07IOE8H363CM3B22AS5
657,train,human,9,DODLWU9XNGABD
658,train,human,7,G0XBOM2A7XAHY
659,train,human,6,629WD6FZ0CAAZ
660,train,human,8,ZD2WG9P5OXAWN
661,train,human,6,HXKKNLG5FJASZ
662,train,human,9,SXFE5DY2G06AH5
663,train,human,5,HDXC5TK2NJAA0Q
664,train,human,7,8H5OUC73CDVA59
665,train,human,3,P8MDA7O2GZAL1
666,train,human,3,KVHQX931AA0A6E
667,train,human,10,VU0ISM6131NAUI
668,train,human,7,D2FNFMB3NB7AH1
669,train,human,9,QX9RG3O32FKA05
670,train,human,9,7G643W32EHYASI
671,train,human,6,EORR3XHJHEA32
672,train,human,10,3NKYW6C2NA3AK6
673,train,human,8,GYIC0OE26R7AHF
674,train,human,10,E2K9K5F1GQFA9F
675,train,human,7,TX0VB3535GIAAO
676,train,human,5,AQV41WD2ZQ9AC5
677,train,human,8,5R39S3KOVJACB
678,train,human,8,1WNYA7ZH4CAYS
679,train,human,6,3358L7K3NIAAPU
680,train,human,8,AR4VCW612TAA69
681,train,human,9,415E13MUR5ATA
682,train,human,7,9RYFO0BYPEAYI
683,train,human,10,GQULGGE3ZJLAD5
684,train,human,4,NCUFRIIPM4AQJ
685,train,human,6,V8E0SI539SKAWD
686,train,human,9,XOGVU552LRIAD9
687,train,human,7,ORCRK2X18YGAO7
688,train,human,9,KKIXM0520VCA95
689,train,human,4,27RL20E28LKAFB
690,train,human,6,OCWGEW13IMYAJ9
691,train,human,8,YUBT4IYH45A0P
692,train,human,7,KYOD77E3N5PA59
693,train,human,3,Z71F2D6ALHAUQ
694,train,human,10,U17RZ8V1C6QAAD
695,train,human,7,KTRKPEF1MPAA1Q
696,train,human,8,78ZYLZ734TRAXY
697,train,human,1,AM5G8272II2AJ9
698,train,human,9,UJZZICT3QITAN4
699,train,human,9,5AF0B7R25H0AL4
700,train,webp,1,93CU02214U9AH4
701,train,webp,2,CPHK0JY1YUBA9D
702,train,webp,1,XNKS1JU1B70AEU
703,train,webp,3,N8314X31U6IAK2
704,train,webp,7,55CU8VR15WTARZ
705,train,webp,4,0L9B9RX1ZWFACY
706,train,webp,2,NUAIAYQ1HC1A99
707,train,webp,6,P5KHBZ71KF4AC1
708,train,webp,3,CUPIC6G1OJFAKM
709,train,webp,4,93KQDHS1RLVAS1
710,train,webp,3,I12REOP1P0TAJG
711,train,webp,8,48IBIR91JWFAKE
712,train,webp,4,H3IKIW81K7HA25
713,train,webp,1,RPR3OZT1S9SAA4
714,train,webp,5,8EOQPM61JH6AXR
715,train,webp,5,SEHEPVO1BWUACT
716,train,webp,2,8Q8CSCG1Y88AVN
717,train,webp,7,VU0ISM6131NAUI
718,train,webp,5,ALZZUZN17OKAZR
719,train,webp,4,9UHTVY41FA2A0W
720,train,webp,3,C78DVWV1X3WAYR
721,train,webp,1,6G3GW011T8YAYC
722,train,webp,6,HY5OXD517ATA9Q
723,train,webp,3,GYIC0OE26R7AHF
724,train,webp,1,BCI705Y2O4NAT7
725,train,webp,1,Q5S11W2MS8A9U
726,train,webp,5,27RL20E28LKAFB
727,train,webp,5,AMD72C220CQA67
728,train,webp,2,7G643W32EHYASI
729,train,webp,2,U7CC4G32AQLA97
730,train,webp,1,SXFE5DY2G06AH5
731,train,webp,2,D71M5QP2TA8AFB
732,train,webp,4,S1MJ5P92I68ARE
733,train,webp,5,JI3M6KK2PE5ABR
734,train,webp,2,Q7D971W2TR3ASM
735,train,webp,2,861C8LQ2DULAKM
736,train,webp,7,BG3G8P32ZXPAZ9
737,train,webp,10,F5H9ACQ207RAKY
738,train,webp,6,5AF0B7R25H0AL4
739,train,webp,2,AGWKBQ920C6AQX
740,train,webp,4,XJKRCH42K8CA10
741,train,webp,2,KFY4FDK2R18AFQ
742,train,webp,3,DSPEFR2RCUAOB
743,train,webp,2,BC3IHM72WIMA5F
744,train,webp,5,MYOJJZ52ZAPAXZ
745,train,webp,5,LWGRM9H26SCA5G
746,train,webp,3,E0MZMT2231FATI
747,train,webp,3,UQ3PNOU2ZZTAOE
748,train,webp,2,KO5RO9T2EKJAXR
749,train,webp,1,CE6YPLY29M0A5J
750,train,webp,8,NVXPP0J2GPYAFX
751,train,webp,1,WUY7RDN2AT0AYU
752,train,webp,2,785GSIR26J7AO0
753,train,webp,5,TF1DT5O2CCCAZA
754,train,webp,3,VR2TU9W2G4FAF8
755,train,webp,7,XOGVU552LRIAD9
756,train,webp,3,ADGEV092TK3ABU
757,train,webp,6,OV5SV1D292EAIK
758,train,webp,4,3NKYW6C2NA3AK6
759,train,webp,3,RIFNZGT25KRA47
760,train,webp,4,VGJU1SV3C23AEE
761,train,webp,4,8P5E16Q3DKZAT2
762,train,webp,3,J9QO2OF3HU0AAZ
763,train,webp,4,ETKW5TN3O03AE8
764,train,webp,1,V048793ERMAOG
765,train,webp,1,ZJ4MEAN32RJA4D
766,train,webp,2,OCWGEW13IMYAJ9
767,train,webp,5,ONNJF0L3LF0AFT
768,train,webp,2,OALVHOB3PCTAXV
769,train,webp,6,WG36I173JKLAHQ
770,train,webp,6,UJZZICT3QITAN4
771,train,webp,3,NLZTLFY31F3AFC
772,train,webp,1,3358L7K3NIAAPU
773,train,webp,2,78ZYLZ734TRAXY
774,train,webp,8,4AQEOGT3VD9A74
775,train,webp,9,1QD1RH33D3WAYV
776,train,webp,2,CHIJRN23XMYA5L
777,train,webp,3,V8E0SI539SKAWD
778,train,webp,1,26H3UXA33IUA3Z
779,train,webp,3,PDU8EH4DE1AY8
780,train,webp,2,Z71F2D6ALHAUQ
781,train,webp,3,60DUG1C1LZAII
782,train,webp,1,5UOJLRD5WYA6I
783,train,webp,3,QLZBTUENSIAKB
784,train,webp,4,HXKKNLG5FJASZ
785,train,webp,3,EORR3XHJHEA32
786,train,webp,4,3GHVTRHJW8AAV
787,train,webp,8,IFOYBHKQJKANY
788,train,webp,6,HURIX8KOB5AHX
789,train,webp,3,828YA6MF01AWJ
790,train,webp,5,YIYKGBMLT9A1V
791,train,webp,3,3HZDK8PP9ZA0Y
792,train,webp,4,QV1JQ3P78UAQ9
793,train,webp,4,UDIWVARC8XABZ
794,train,webp,4,WEOHW1SYUZA1P
795,train,webp,1,O0KFKPUJ94AGH
796,train,webp,3,3512O0V05FA4D
797,train,webp,2,FMSPXBVME3AWZ
798,train,webp,8,QQH44EW7NAAMI
799,train,webp,2,QQXI85XIHEA2Q
800,rockwall,human,4,XJOTN851NQIA3N
801,rockwall,human,2,N8314X31U6IAK2
802,rockwall,human,2,T07IOE8H363CM3B22AS5
803,rockwall,human,4,N5G5HDS2CSHAIP
804,rockwall,human,1,NCUFRIIPM4AQJ
805,rockwall,human,2,CE6YPLY29M0A5J
806,rockwall,human,7,B62O2GB1T3RAUO
807,rockwall,human,3,494DERF3T5GACU
808,rockwall,human,6,ALZZUZN17OKAZR
809,rockwall,human,4,U7CC4G32AQLA97
810,rockwall,human,4,629WD6FZ0CAAZ
811,rockwall,human,6,ZSXNTWI2XRBAAN
812,rockwall,human,3,EORR3XHJHEA32
813,rockwall,human,2,4GQQE6AJCZALM
814,rockwall,human,5,NKK4J76OFKAAD
815,rockwall,human,8,F1JNQVN3F0SAY6
816,rockwall,human,6,VY3S4TQ3X89A0U
817,rockwall,human,2,ZLV37KZ2S1HAVX
818,rockwall,human,7,P8MDA7O2GZAL1
819,rockwall,human,7,DODLWU9XNGABD
820,rockwall,human,7,SEHEPVO1BWUACT
821,rockwall,human,3,J9QO2OF3HU0AAZ
822,rockwall,human,1,HDXC5TK2NJAA0Q
823,rockwall,human,2,UDIWVARC8XABZ
824,rockwall,human,6,QQXI85XIHEA2Q
825,rockwall,human,9,8H5OUC73CDVA59
826,rockwall,human,2,CARUOUC3CCLAWT
827,rockwall,human,1,HR7HOA5DEJAF9
828,rockwall,human,5,QX9RG3O32FKA05
829,rockwall,human,5,HXKKNLG5FJASZ
830,rockwall,human,1,GYIC0OE26R7AHF
831,rockwall,human,9,TX0VB3535GIAAO
832,rockwall,human,6,P5KHBZ71KF4AC1
833,rockwall,human,3,3358L7K3NIAAPU
834,rockwall,human,3,C78DVWV1X3WAYR
835,rockwall,human,2,OCWGEW13IMYAJ9
836,rockwall,human,2,M8XYF851IQVASO
837,rockwall,human,6,G0XBOM2A7XAHY
838,rockwall,human,2,AR4VCW612TAA69
839,rockwall,human,4,1WNYA7ZH4CAYS
840,rockwall,human,3,DSPEFR2RCUAOB
841,rockwall,human,3,OALVHOB3PCTAXV
842,rockwall,human,7,4I7EHG22XFRAZP
843,rockwall,human,5,1YPFHUI2LBNA1M
844,rockwall,human,8,5AF0B7R25H0AL4
845,rockwall,human,8,WG36I173JKLAHQ
846,rockwall,human,2,KTRKPEF1MPAA1Q
847,rockwall,human,5,KYOD77E3N5PA59
848,rockwall,human,4,E2K9K5F1GQFA9F
849,rockwall,human,1,VSGXHLU2EJ8ANY
850,rockwall,human,7,XOGVU552LRIAD9
851,rockwall,human,4,AMD72C220CQA67
852,rockwall,human,2,19OHE132D5OAFQ
853,rockwall,human,2,BC3IHM72WIMA5F
854,rockwall,human,4,MYOJJZ52ZAPAXZ
855,rockwall,human,2,U17RZ8V1C6QAAD
856,rockwall,human,6,27RL20E28LKAFB
857,rockwall,human,7,DE29BZD3O7LAZA
858,rockwall,human,6,9RYFO0BYPEAYI
859,rockwall,human,2,3XW9L51ZSXA5G
860,rockwall,human,5,ORCRK2X18YGAO7
861,rockwall,human,3,8LYQIZH23M3A0L
862,rockwall,human,8,V8E0SI539SKAWD
863,rockwall,human,2,NJ3VUEC2Z2OAQO
864,rockwall,human,7,VU0ISM6131NAUI
865,rockwall,human,4,ZJ4MEAN32RJA4D
866,rockwall,human,8,XNKS1JU1B70AEU
867,rockwall,human,3,361OHV2BQGANI
868,rockwall,human,2,7G643W32EHYASI
869,rockwall,human,5,W2IYR0F2PT8AV0
870,rockwall,human,7,SXFE5DY2G06AH5
871,rockwall,human,2,3NKYW6C2NA3AK6
872,rockwall,human,3,5JLFH5O2PVWAID
873,rockwall,human,5,AQV41WD2ZQ9AC5
874,rockwall,human,3,TYXC7073YRWADZ
875,rockwall,human,8,NVXPP0J2GPYAFX
876,rockwall,human,9,HIQFJMF1GL1AK4
877,rockwall,human,6,5R39S3KOVJACB
878,rockwall,human,7,8P5E16Q3DKZAT2
879,rockwall,human,7,5UOJLRD5WYA6I
880,rockwall,human,3,3LVY76Z29MPAI4
881,rockwall,human,3,415E13MUR5ATA
882,rockwall,human,1,Z71F2D6ALHAUQ
883,rockwall,human,2,AM5G8272II2AJ9
884,rockwall,human,5,D2FNFMB3NB7AH1
885,rockwall,human,8,GQULGGE3ZJLAD5
886,rockwall,human,9,TF1DT5O2CCCAZA
887,rockwall,human,4,UJZZICT3QITAN4
888,rockwall,human,4,ZD2WG9P5OXAWN
889,rockwall,human,2,T7K4FR532IOAPF
890,rockwall,human,4,S1MJ5P92I68ARE
891,rockwall,human,5,7C123SB2WI4AKN
892,rockwall,human,3,HURIX8KOB5AHX
893,rockwall,human,1,KVHQX931AA0A6E
894,rockwall,human,8,RIFNZGT25KRA47
895,rockwall,human,2,3HZDK8PP9ZA0Y
896,rockwall,human,8,1X4UIXG14KZAN4
897,rockwall,human,3,BCI705Y2O4NAT7
898,rockwall,human,5,PQ9VAUHYCFA31
899,rockwall,human,5,78ZYLZ734TRAXY
900,rockwall,webp,8,4AQEOGT3VD9A74
901,rockwall,webp,2,26H3UXA33IUA3Z
902,rockwall,webp,4,I12REOP1P0TAJG
903,rockwall,webp,5,OCWGEW13IMYAJ9
904,rockwall,webp,7,8EOQPM61JH6AXR
905,rockwall,webp,5,V8E0SI539SKAWD
906,rockwall,webp,1,7G643W32EHYASI
907,rockwall,webp,5,S1MJ5P92I68ARE
908,rockwall,webp,5,XJKRCH42K8CA10
909,rockwall,webp,7,3NKYW6C2NA3AK6
910,rockwall,webp,5,ADGEV092TK3ABU
911,rockwall,webp,2,Q5S11W2MS8A9U
912,rockwall,webp,7,BG3G8P32ZXPAZ9
913,rockwall,webp,9,QQH44EW7NAAMI
914,rockwall,webp,7,SEHEPVO1BWUACT
915,rockwall,webp,6,YIYKGBMLT9A1V
916,rockwall,webp,4,60DUG1C1LZAII
917,rockwall,webp,8,VU0ISM6131NAUI
918,rockwall,webp,6,VGJU1SV3C23AEE
919,rockwall,webp,7,LWGRM9H26SCA5G
920,rockwall,webp,6,27RL20E28LKAFB
921,rockwall,webp,1,WUY7RDN2AT0AYU
922,rockwall,webp,2,T0BWF239354XO0873ARV
923,rockwall,webp,5,TF1DT5O2CCCAZA
924,rockwall,webp,8,5AF0B7R25H0AL4
925,rockwall,webp,8,JXKQQ7XFSWAUP
926,rockwall,webp,4,KKIXM0520VCA95
927,rockwall,webp,6,NLZTLFY31F3AFC
928,rockwall,webp,4,WEOHW1SYUZA1P
929,rockwall,webp,7,XOGVU552LRIAD9
930,rockwall,webp,1,6G3GW011T8YAYC
931,rockwall,webp,2,BC3IHM72WIMA5F
932,rockwall,webp,7,OV5SV1D292EAIK
933,rockwall,webp,4,Z71F2D6ALHAUQ
934,rockwall,webp,3,QLZBTUENSIAKB
935,rockwall,webp,4,UJZZICT3QITAN4
936,rockwall,webp,9,IFOYBHKQJKANY
937,rockwall,webp,6,CUPIC6G1OJFAKM
938,rockwall,webp,9,YUBT4IYH45A0P
939,rockwall,webp,6,KFY4FDK2R18AFQ
940,rockwall,webp,3,48IBIR91JWFAKE
941,rockwall,webp,2,828YA6MF01AWJ
942,rockwall,webp,3,SXFE5DY2G06AH5
943,rockwall,webp,5,0L9B9RX1ZWFACY
944,rockwall,webp,2,QQXI85XIHEA2Q
945,rockwall,webp,3,CHIJRN23XMYA5L
946,rockwall,webp,5,FQ7TDXC34WYA8X
947,rockwall,webp,2,EORR3XHJHEA32
948,rockwall,webp,3,CPHK0JY1YUBA9D
949,rockwall,webp,8,93KQDHS1RLVAS1
950,rockwall,webp,5,ETKW5TN3O03AE8
951,rockwall,webp,3,CE6YPLY29M0A5J
952,rockwall,webp,3,RPR3OZT1S9SAA4
953,rockwall,webp,6,DSPEFR2RCUAOB
954,rockwall,webp,4,AGWKBQ920C6AQX
955,rockwall,webp,7,E0MZMT2231FATI
956,rockwall,webp,8,1QD1RH33D3WAYV
957,rockwall,webp,7,861C8LQ2DULAKM
958,rockwall,webp,5,QV1JQ3P78UAQ9
959,rockwall,webp,6,JI3M6KK2PE5ABR
960,rockwall,webp,6,ALZZUZN17OKAZR
961,rockwall,webp,3,3358L7K3NIAAPU
962,rockwall,webp,3,785GSIR26J7AO0
963,rockwall,webp,3,78ZYLZ734TRAXY
964,rockwall,webp,5,HXKKNLG5FJASZ
965,rockwall,webp,3,Q7D971W2TR3ASM
966,rockwall,webp,1,BCI705Y2O4NAT7
967,rockwall,webp,3,9UHTVY41FA2A0W
968,rockwall,webp,2,OALVHOB3PCTAXV
969,rockwall,webp,7,3GHVTRHJW8AAV
970,rockwall,webp,7,HY5OXD517ATA9Q
971,rockwall,webp,1,F5H9ACQ207RAKY
972,rockwall,webp,4,C78DVWV1X3WAYR
973,rockwall,webp,5,J9QO2OF3HU0AAZ
974,rockwall,webp,6,FMSPXBVME3AWZ
975,rockwall,webp,2,5UOJLRD5WYA6I
976,rockwall,webp,2,XNKS1JU1B70AEU
977,rockwall,webp,3,RIFNZGT25KRA47
978,rockwall,webp,5,8Q8CSCG1Y88AVN
979,rockwall,webp,2,3HZDK8PP9ZA0Y
980,rockwall,webp,7,WG36I173JKLAHQ
981,rockwall,webp,4,VR2TU9W2G4FAF8
982,rockwall,webp,6,PDU8EH4DE1AY8
983,rockwall,webp,8,P5KHBZ71KF4AC1
984,rockwall,webp,3,93CU02214U9AH4
985,rockwall,webp,5,8P5E16Q3DKZAT2
986,rockwall,webp,1,O0KFKPUJ94AGH
987,rockwall,webp,8,UQ3PNOU2ZZTAOE
988,rockwall,webp,7,AMD72C220CQA67
989,rockwall,webp,3,GYIC0OE26R7AHF
990,rockwall,webp,5,N8314X31U6IAK2
991,rockwall,webp,2,KO5RO9T2EKJAXR
992,rockwall,webp,5,ZJ4MEAN32RJA4D
993,rockwall,webp,8,UDIWVARC8XABZ
994,rockwall,webp,7,H3IKIW81K7HA25
995,rockwall,webp,9,55CU8VR15WTARZ
996,rockwall,webp,9,NVXPP0J2GPYAFX
997,rockwall,webp,2,V048793ERMAOG
998,rockwall,webp,6,ONNJF0L3LF0AFT
999,rockwall,webp,5,U7CC4G32AQLA97
1000,eiffeltower,human,6,T07IOE8H363CM3B22AS5
1001,eiffeltower,human,8,XNKS1JU1B70AEU
1002,eiffeltower,human,4,N8314X31U6IAK2
1003,eiffeltower,human,8,P5KHBZ71KF4AC1
1004,eiffeltower,human,6,AR4VCW612TAA69
1005,eiffeltower,human,6,I12REOP1P0TAJG
1006,eiffeltower,human,4,J8S8FTP124HA27
1007,eiffeltower,human,3,M8XYF851IQVASO
1008,eiffeltower,human,8,1X4UIXG14KZAN4
1009,eiffeltower,human,7,E2K9K5F1GQFA9F
1010,eiffeltower,human,9,ORCRK2X18YGAO7
1011,eiffeltower,human,8,3XW9L51ZSXA5G
1012,eiffeltower,human,9,XJOTN851NQIA3N
1013,eiffeltower,human,4,KTRKPEF1MPAA1Q
1014,eiffeltower,human,9,SEHEPVO1BWUACT
1015,eiffeltower,human,7,VU0ISM6131NAUI
1016,eiffeltower,human,8,ALZZUZN17OKAZR
1017,eiffeltower,human,5,C78DVWV1X3WAYR
1018,eiffeltower,human,3,KVHQX931AA0A6E
1019,eiffeltower,human,6,U17RZ8V1C6QAAD
1020,eiffeltower,human,3,GYIC0OE26R7AHF
1021,eiffeltower,human,4,BCI705Y2O4NAT7
1022,eiffeltower,human,3,AQV41WD2ZQ9AC5
1023,eiffeltower,human,3,27RL20E28LKAFB
1024,eiffeltower,human,8,AMD72C220CQA67
1025,eiffeltower,human,5,7G643W32EHYASI
1026,eiffeltower,human,8,U7CC4G32AQLA97
1027,eiffeltower,human,9,SXFE5DY2G06AH5
1028,eiffeltower,human,5,S1MJ5P92I68ARE
1029,eiffeltower,human,1,HDXC5TK2NJAA0Q
1030,eiffeltower,human,3,Q7D971W2TR3ASM
1031,eiffeltower,human,3,ZLV37KZ2S1HAVX
1032,eiffeltower,human,3,3LVY76Z29MPAI4
1033,eiffeltower,human,5,AM5G8272II2AJ9
1034,eiffeltower,human,10,5AF0B7R25H0AL4
1035,eiffeltower,human,6,19OHE132D5OAFQ
1036,eiffeltower,human,6,DSPEFR2RCUAOB
1037,eiffeltower,human,4,VSGXHLU2EJ8ANY
1038,eiffeltower,human,8,N5G5HDS2CSHAIP
1039,eiffeltower,human,4,BC3IHM72WIMA5F
1040,eiffeltower,human,7,1YPFHUI2LBNA1M
1041,eiffeltower,human,7,4I7EHG22XFRAZP
1042,eiffeltower,human,9,5JLFH5O2PVWAID
1043,eiffeltower,human,4,8LYQIZH23M3A0L
1044,eiffeltower,human,7,MYOJJZ52ZAPAXZ
1045,eiffeltower,human,6,KKIXM0520VCA95
1046,eiffeltower,human,7,G0XBOM2A7XAHY
1047,eiffeltower,human,4,CE6YPLY29M0A5J
1048,eiffeltower,human,10,NVXPP0J2GPYAFX
1049,eiffeltower,human,7,W2IYR0F2PT8AV0
1050,eiffeltower,human,6,ZSXNTWI2XRBAAN
1051,eiffeltower,human,9,TF1DT5O2CCCAZA
1052,eiffeltower,human,6,XOGVU552LRIAD9
1053,eiffeltower,human,1,NJ3VUEC2Z2OAQO
1054,eiffeltower,human,9,3NKYW6C2NA3AK6
1055,eiffeltower,human,7,RIFNZGT25KRA47
1056,eiffeltower,human,8,8P5E16Q3DKZAT2
1057,eiffeltower,human,6,J9QO2OF3HU0AAZ
1058,eiffeltower,human,6,VY3S4TQ3X89A0U
1059,eiffeltower,human,3,KYOD77E3N5PA59
1060,eiffeltower,human,4,TYXC7073YRWADZ
1061,eiffeltower,human,3,DE29BZD3O7LAZA
1062,eiffeltower,human,6,494DERF3T5GACU
1063,eiffeltower,human,8,ZJ4MEAN32RJA4D
1064,eiffeltower,human,4,OCWGEW13IMYAJ9
1065,eiffeltower,human,6,D2FNFMB3NB7AH1
1066,eiffeltower,human,8,QX9RG3O32FKA05
1067,eiffeltower,human,6,GQULGGE3ZJLAD5
1068,eiffeltower,human,2,OALVHOB3PCTAXV
1069,eiffeltower,human,7,WG36I173JKLAHQ
1070,eiffeltower,human,6,UJZZICT3QITAN4
1071,eiffeltower,human,4,3358L7K3NIAAPU
1072,eiffeltower,human,5,78ZYLZ734TRAXY
1073,eiffeltower,human,1,CARUOUC3CCLAWT
1074,eiffeltower,human,9,F1JNQVN3F0SAY6
1075,eiffeltower,human,9,V8E0SI539SKAWD
1076,eiffeltower,human,7,8H5OUC73CDVA59
1077,eiffeltower,human,6,HR7HOA5DEJAF9
1078,eiffeltower,human,2,Z71F2D6ALHAUQ
1079,eiffeltower,human,3,DODLWU9XNGABD
1080,eiffeltower,human,8,E44A9SA8OVANI
1081,eiffeltower,human,5,4GQQE6AJCZALM
1082,eiffeltower,human,6,DF52XJAV3XAL8
1083,eiffeltower,human,7,9RYFO0BYPEAYI
1084,eiffeltower,human,3,5UOJLRD5WYA6I
1085,eiffeltower,human,7,629WD6FZ0CAAZ
1086,eiffeltower,human,7,HXKKNLG5FJASZ
1087,eiffeltower,human,6,EORR3XHJHEA32
1088,eiffeltower,human,6,PQ9VAUHYCFA31
1089,eiffeltower,human,7,NCUFRIIPM4AQJ
1090,eiffeltower,human,5,5R39S3KOVJACB
1091,eiffeltower,human,9,415E13MUR5ATA
1092,eiffeltower,human,7,YIYKGBMLT9A1V
1093,eiffeltower,human,8,P8MDA7O2GZAL1
1094,eiffeltower,human,7,HF1GJ2PDGJAHS
1095,eiffeltower,human,4,3HZDK8PP9ZA0Y
1096,eiffeltower,human,7,UDIWVARC8XABZ
1097,eiffeltower,human,8,QQXI85XIHEA2Q
1098,eiffeltower,human,9,NTZ496ZG4BAOU
1099,eiffeltower,human,8,1WNYA7ZH4CAYS
1100,eiffeltower,webp,9,3GHVTRHJW8AAV
1101,eiffeltower,webp,4,CE6YPLY29M0A5J
1102,eiffeltower,webp,6,UJZZICT3QITAN4
1103,eiffeltower,webp,4,05N3CNJ1L8PAA4
1104,eiffeltower,webp,8,78ZYLZ734TRAXY
1105,eiffeltower,webp,7,S8TZ67W3RBMAYU
1106,eiffeltower,webp,7,XJKRCH42K8CA10
1107,eiffeltower,webp,3,3358L7K3NIAAPU
1108,eiffeltower,webp,4,X6VTL6V351FAI4
1109,eiffeltower,webp,4,CARUOUC3CCLAWT
1110,eiffeltower,webp,7,QV1JQ3P78UAQ9
1111,eiffeltower,webp,5,U7CC4G32AQLA97
1112,eiffeltower,webp,3,MYOJJZ52ZAPAXZ
1113,eiffeltower,webp,9,4W5XC5K28XTA72
1114,eiffeltower,webp,6,KOM47IV2P8SAEV
1115,eiffeltower,webp,1,WUY7RDN2AT0AYU
1116,eiffeltower,webp,7,VGJU1SV3C23AEE
1117,eiffeltower,webp,8,BG3G8P32ZXPAZ9
1118,eiffeltower,webp,3,7G643W32EHYASI
1119,eiffeltower,webp,2,BH1NOKI3B88ALP
1120,eiffeltower,webp,7,5UOJLRD5WYA6I
1121,eiffeltower,webp,9,ZJ4MEAN32RJA4D
1122,eiffeltower,webp,8,05CSVRT1IO6APA
1123,eiffeltower,webp,7,LWGRM9H26SCA5G
1124,eiffeltower,webp,3,ZOB1NKA1TIKAXY
1125,eiffeltower,webp,9,1WNYA7ZH4CAYS
1126,eiffeltower,webp,8,OIDPOQH3MPOA9F
1127,eiffeltower,webp,5,93CU02214U9AH4
1128,eiffeltower,webp,6,HXKKNLG5FJASZ
1129,eiffeltower,webp,9,828YA6MF01AWJ
1130,eiffeltower,webp,5,BC3IHM72WIMA5F
1131,eiffeltower,webp,8,7FR3BO53GXHAFG
1132,eiffeltower,webp,4,RX626IK3TL9AJF
1133,eiffeltower,webp,3,KYOD77E3N5PA59
1134,eiffeltower,webp,4,AR4VCW612TAA69
1135,eiffeltower,webp,9,5AF0B7R25H0AL4
1136,eiffeltower,webp,3,S2UIJ4832B2AGW
1137,eiffeltower,webp,7,IXLS21E2VJVAXD
1138,eiffeltower,webp,5,SXFE5DY2G06AH5
1139,eiffeltower,webp,7,55CU8VR15WTARZ
1140,eiffeltower,webp,5,ADGEV092TK3ABU
1141,eiffeltower,webp,6,J9QO2OF3HU0AAZ
1142,eiffeltower,webp,3,5R39S3KOVJACB
1143,eiffeltower,webp,1,TV8QPM62VTZAMJ
1144,eiffeltower,webp,9,VSGXHLU2EJ8ANY
1145,eiffeltower,webp,8,Y9DUK595PPA7Q
1146,eiffeltower,webp,4,JMP43AP19T0A4Y
1147,eiffeltower,webp,4,XNKS1JU1B70AEU
1148,eiffeltower,webp,9,3NKYW6C2NA3AK6
1149,eiffeltower,webp,6,60DUG1C1LZAII
1150,eiffeltower,webp,3,U2WDA3S2BXLAT8
1151,eiffeltower,webp,9,7S8FGZG22DKANC
1152,eiffeltower,webp,6,DPCAVTNAC8A2B
1153,eiffeltower,webp,9,P5KHBZ71KF4AC1
1154,eiffeltower,webp,5,0DP9ANV2USPAZL
1155,eiffeltower,webp,6,69YOYWB12BSAIH
1156,eiffeltower,webp,6,N5G5HDS2CSHAIP
1157,eiffeltower,webp,8,DF52XJAV3XAL8
1158,eiffeltower,webp,5,NH659F329UCAUK
1159,eiffeltower,webp,7,K6F5QSO3G1SAE7
1160,eiffeltower,webp,5,QLZBTUENSIAKB
1161,eiffeltower,webp,6,DF79GTY3C2MA83
1162,eiffeltower,webp,3,SEHEPVO1BWUACT
1163,eiffeltower,webp,10,1H161D7FZ8A7C
1164,eiffeltower,webp,8,861C8LQ2DULAKM
1165,eiffeltower,webp,5,DSPEFR2RCUAOB
1166,eiffeltower,webp,2,13CS5HVV5DAU4
1167,eiffeltower,webp,7,I12REOP1P0TAJG
1168,eiffeltower,webp,4,Z71F2D6ALHAUQ
1169,eiffeltower,webp,8,8EOQPM61JH6AXR
1170,eiffeltower,webp,5,N8314X31U6IAK2
1171,eiffeltower,webp,4,AO8VFKD2794ANK
1172,eiffeltower,webp,7,CPHK0JY1YUBA9D
1173,eiffeltower,webp,8,TF1DT5O2CCCAZA
1174,eiffeltower,webp,3,YO7NZPA13SZAYI
1175,eiffeltower,webp,4,RXRKLOE2RYPAUG
1176,eiffeltower,webp,5,BK2FN0JD7QAPE
1177,eiffeltower,webp,3,B0QCIA01A2XASP
1178,eiffeltower,webp,5,IJ36VE32KRNAOH
1179,eiffeltower,webp,5,WEOHW1SYUZA1P
1180,eiffeltower,webp,7,AZVNIJY15YXAXM
1181,eiffeltower,webp,6,0L9B9RX1ZWFACY
1182,eiffeltower,webp,4,CHIJRN23XMYA5L
1183,eiffeltower,webp,7,U17RZ8V1C6QAAD
1184,eiffeltower,webp,6,OALVHOB3PCTAXV
1185,eiffeltower,webp,7,JI3M6KK2PE5ABR
1186,eiffeltower,webp,7,WG36I173JKLAHQ
1187,eiffeltower,webp,5,ZBWO4XR3WLDAB1
1188,eiffeltower,webp,8,PIXPI1P3HW9ALN
1189,eiffeltower,webp,7,KFY4FDK2R18AFQ
1190,eiffeltower,webp,4,6G3GW011T8YAYC
1191,eiffeltower,webp,9,0V3GH29FAQAEO
1192,eiffeltower,webp,8,HURIX8KOB5AHX
1193,eiffeltower,webp,7,4YKBZN6256DA0X
1194,eiffeltower,webp,5,VCE5UJC2Y5VAV3
1195,eiffeltower,webp,2,43YAWUEWIGA32
1196,eiffeltower,webp,3,ZLV37KZ2S1HAVX
1197,eiffeltower,webp,3,BUNK7GQ2ZRAVZ
1198,eiffeltower,webp,7,ICAC3NVYRCA0J
1199,eiffeltower,webp,6,RIFNZGT25KRA47
1200,fire,human,6,M8XYF851IQVASO
1201,fire,human,8,DF52XJAV3XAL8
1202,fire,human,8,5R39S3KOVJACB
1203,fire,human,5,N8314X31U6IAK2
1204,fire,human,10,4GQQE6AJCZALM
1205,fire,human,4,AQV41WD2ZQ9AC5
1206,fire,human,4,3358L7K3NIAAPU
1207,fire,human,2,OALVHOB3PCTAXV
1208,fire,human,3,Z71F2D6ALHAUQ
1209,fire,human,8,J9QO2OF3HU0AAZ
1210,fire,human,10,V8E0SI539SKAWD
1211,fire,human,7,ZLV37KZ2S1HAVX
1212,fire,human,8,CHIJRN23XMYA5L
1213,fire,human,4,HY5OXD517ATA9Q
1214,fire,human,5,AMD72C220CQA67
1215,fire,human,8,ZSXNTWI2XRBAAN
1216,fire,human,4,DE29BZD3O7LAZA
1217,fire,human,10,ZJ4MEAN32RJA4D
1218,fire,human,3,3NKYW6C2NA3AK6
1219,fire,human,7,78ZYLZ734TRAXY
1220,fire,human,9,SEHEPVO1BWUACT
1221,fire,human,10,P8MDA7O2GZAL1
1222,fire,human,8,T7K4FR532IOAPF
1223,fire,human,5,3LVY76Z29MPAI4
1224,fire,human,8,CE6YPLY29M0A5J
1225,fire,human,8,Q7D971W2TR3ASM
1226,fire,human,3,4I7EHG22XFRAZP
1227,fire,human,4,3XW9L51ZSXA5G
1228,fire,human,7,NJ3VUEC2Z2OAQO
1229,fire,human,4,AM5G8272II2AJ9
1230,fire,human,8,GQULGGE3ZJLAD5
1231,fire,human,10,19OHE132D5OAFQ
1232,fire,human,5,KYOD77E3N5PA59
1233,fire,human,6,QQXI85XIHEA2Q
1234,fire,human,6,W2IYR0F2PT8AV0
1235,fire,human,8,415E13MUR5ATA
1236,fire,human,10,SXFE5DY2G06AH5
1237,fire,human,5,8LYQIZH23M3A0L
1238,fire,human,10,1X4UIXG14KZAN4
1239,fire,human,8,G0XBOM2A7XAHY
1240,fire,human,8,E44A9SA8OVANI
1241,fire,human,8,DODLWU9XNGABD
1242,fire,human,9,VU0ISM6131NAUI
1243,fire,human,4,U17RZ8V1C6QAAD
1244,fire,human,9,8H5OUC73CDVA59
1245,fire,human,8,C78DVWV1X3WAYR
1246,fire,human,10,5AF0B7R25H0AL4
1247,fire,human,3,CARUOUC3CCLAWT
1248,fire,human,6,629WD6FZ0CAAZ
1249,fire,human,7,YIYKGBMLT9A1V
1250,fire,human,6,494DERF3T5GACU
1251,fire,human,10,1YPFHUI2LBNA1M
1252,fire,human,5,OCWGEW13IMYAJ9
1253,fire,human,1,HDXC5TK2NJAA0Q
1254,fire,human,8,I12REOP1P0TAJG
1255,fire,human,5,BC3IHM72WIMA5F
1256,fire,human,9,XNKS1JU1B70AEU
1257,fire,human,8,XJOTN851NQIA3N
1258,fire,human,9,TF1DT5O2CCCAZA
1259,fire,human,9,MYOJJZ52ZAPAXZ
1260,fire,human,8,UDIWVARC8XABZ
1261,fire,human,3,J8S8FTP124HA27
1262,fire,human,5,EORR3XHJHEA32
1263,fire,human,6,N5G5HDS2CSHAIP
1264,fire,human,6,TX0VB3535GIAAO
1265,fire,human,6,S1MJ5P92I68ARE
1266,fire,human,8,PQ9VAUHYCFA31
1267,fire,human,8,ORCRK2X18YGAO7
1268,fire,human,10,P5KHBZ71KF4AC1
1269,fire,human,7,DSPEFR2RCUAOB
1270,fire,human,4,7G643W32EHYASI
1271,fire,human,6,3HZDK8PP9ZA0Y
1272,fire,human,10,9RYFO0BYPEAYI
1273,fire,human,9,1WNYA7ZH4CAYS
1274,fire,human,4,TYXC7073YRWADZ
1275,fire,human,7,F1JNQVN3F0SAY6
1276,fire,human,8,E2K9K5F1GQFA9F
1277,fire,human,4,GYIC0OE26R7AHF
1278,fire,human,9,RIFNZGT25KRA47
1279,fire,human,8,5JLFH5O2PVWAID
1280,fire,human,9,VSGXHLU2EJ8ANY
1281,fire,human,4,KVHQX931AA0A6E
1282,fire,human,9,8P5E16Q3DKZAT2
1283,fire,human,3,T07IOE8H363CM3B22AS5
1284,fire,human,7,HXKKNLG5FJASZ
1285,fire,human,10,XOGVU552LRIAD9
1286,fire,human,9,NVXPP0J2GPYAFX
1287,fire,human,7,HR7HOA5DEJAF9
1288,fire,human,3,5UOJLRD5WYA6I
1289,fire,human,9,U7CC4G32AQLA97
1290,fire,human,3,NCUFRIIPM4AQJ
1291,fire,human,6,KTRKPEF1MPAA1Q
1292,fire,human,7,WG36I173JKLAHQ
1293,fire,human,7,BCI705Y2O4NAT7
1294,fire,human,3,AR4VCW612TAA69
1295,fire,human,8,VY3S4TQ3X89A0U
1296,fire,human,5,QX9RG3O32FKA05
1297,fire,human,6,D2FNFMB3NB7AH1
1298,fire,human,6,27RL20E28LKAFB
1299,fire,human,9,ALZZUZN17OKAZR
1300,fire,webp,1,WUY7RDN2AT0AYU
1301,fire,webp,4,3358L7K3NIAAPU
1302,fire,webp,4,I12REOP1P0TAJG
1303,fire,webp,3,ONNJF0L3LF0AFT
1304,fire,webp,7,3NKYW6C2NA3AK6
1305,fire,webp,2,26H3UXA33IUA3Z
1306,fire,webp,9,XOGVU552LRIAD9
1307,fire,webp,5,Z71F2D6ALHAUQ
1308,fire,webp,6,KO5RO9T2EKJAXR
1309,fire,webp,2,QLZBTUENSIAKB
1310,fire,webp,8,55CU8VR15WTARZ
1311,fire,webp,9,BG3G8P32ZXPAZ9
1312,fire,webp,2,V048793ERMAOG
1313,fire,webp,2,93CU02214U9AH4
1314,fire,webp,8,3GHVTRHJW8AAV
1315,fire,webp,7,MYOJJZ52ZAPAXZ
1316,fire,webp,4,78ZYLZ734TRAXY
1317,fire,webp,9,1QD1RH33D3WAYV
1318,fire,webp,4,3HZDK8PP9ZA0Y
1319,fire,webp,9,QQH44EW7NAAMI
1320,fire,webp,6,4AQEOGT3VD9A74
1321,fire,webp,7,HY5OXD517ATA9Q
1322,fire,webp,5,XJKRCH42K8CA10
1323,fire,webp,5,XNKS1JU1B70AEU
1324,fire,webp,3,OALVHOB3PCTAXV
1325,fire,webp,9,IFOYBHKQJKANY
1326,fire,webp,3,ADGEV092TK3ABU
1327,fire,webp,8,CPHK0JY1YUBA9D
1328,fire,webp,4,RIFNZGT25KRA47
1329,fire,webp,5,TF1DT5O2CCCAZA
1330,fire,webp,3,Q7D971W2TR3ASM
1331,fire,webp,5,S1MJ5P92I68ARE
1332,fire,webp,6,ZJ4MEAN32RJA4D
1333,fire,webp,7,27RL20E28LKAFB
1334,fire,webp,5,E0MZMT2231FATI
1335,fire,webp,8,WG36I173JKLAHQ
1336,fire,webp,4,BC3IHM72WIMA5F
1337,fire,webp,1,RJAF7RT2GB2A0C
1338,fire,webp,7,NLZTLFY31F3AFC
1339,fire,webp,4,CE6YPLY29M0A5J
1340,fire,webp,2,EORR3XHJHEA32
1341,fire,webp,1,O0KFKPUJ94AGH
1342,fire,webp,9,93KQDHS1RLVAS1
1343,fire,webp,8,8Q8CSCG1Y88AVN
1344,fire,webp,4,0L9B9RX1ZWFACY
1345,fire,webp,7,RPR3OZT1S9SAA4
1346,fire,webp,8,YUBT4IYH45A0P
1347,fire,webp,8,SEHEPVO1BWUACT
1348,fire,webp,7,5AF0B7R25H0AL4
1349,fire,webp,3,GYIC0OE26R7AHF
1350,fire,webp,4,KFY4FDK2R18AFQ
1351,fire,webp,2,Q5S11W2MS8A9U
1352,fire,webp,7,ETKW5TN3O03AE8
1353,fire,webp,6,P5KHBZ71KF4AC1
1354,fire,webp,8,YIYKGBMLT9A1V
1355,fire,webp,5,V8E0SI539SKAWD
1356,fire,webp,4,VR2TU9W2G4FAF8
1357,fire,webp,2,GFG1XUB1F0LAIE
1358,fire,webp,6,861C8LQ2DULAKM
1359,fire,webp,1,48IBIR91JWFAKE
1360,fire,webp,3,JMP43AP19T0A4Y
1361,fire,webp,8,UDIWVARC8XABZ
1362,fire,webp,7,Z5TW7NAQHBAD
1363,fire,webp,5,OV5SV1D292EAIK
1364,fire,webp,4,DSPEFR2RCUAOB
1365,fire,webp,3,N5G5HDS2CSHAIP
1366,fire,webp,6,8P5E16Q3DKZAT2
1367,fire,webp,7,VU0ISM6131NAUI
1368,fire,webp,6,KKIXM0520VCA95
1369,fire,webp,6,C78DVWV1X3WAYR
1370,fire,webp,3,AMD72C220CQA67
1371,fire,webp,7,ALZZUZN17OKAZR
1372,fire,webp,3,BCI705Y2O4NAT7
1373,fire,webp,4,QQXI85XIHEA2Q
1374,fire,webp,7,828YA6MF01AWJ
1375,fire,webp,6,QV1JQ3P78UAQ9
1376,fire,webp,3,SXFE5DY2G06AH5
1377,fire,webp,4,PDU8EH4DE1AY8
1378,fire,webp,6,LWGRM9H26SCA5G
1379,fire,webp,4,7G643W32EHYASI
1380,fire,webp,3,VGJU1SV3C23AEE
1381,fire,webp,4,CHIJRN23XMYA5L
1382,fire,webp,4,J9QO2OF3HU0AAZ
1383,fire,webp,6,HXKKNLG5FJASZ
1384,fire,webp,4,N8314X31U6IAK2
1385,fire,webp,5,UJZZICT3QITAN4
1386,fire,webp,6,JXKQQ7XFSWAUP
1387,fire,webp,1,6G3GW011T8YAYC
1388,fire,webp,5,CUPIC6G1OJFAKM
1389,fire,webp,7,785GSIR26J7AO0
1390,fire,webp,4,JIN82QF3G3PATX
1391,fire,webp,5,PEUYS5I5HFA4H
1392,fire,webp,4,OCWGEW13IMYAJ9
1393,fire,webp,5,WEOHW1SYUZA1P
1394,fire,webp,2,U7CC4G32AQLA97
1395,fire,webp,1,H3IKIW81K7HA25
1396,fire,webp,6,JI3M6KK2PE5ABR
1397,fire,webp,10,F5H9ACQ207RAKY
1398,fire,webp,7,UQ3PNOU2ZZTAOE
1399,fire,webp,6,AGWKBQ920C6AQX
1400,giraffe,human,4,T07IOE8H363CM3B22AS5
1401,giraffe,human,7,XNKS1JU1B70AEU
1402,giraffe,human,5,B62O2GB1T3RAUO
1403,giraffe,human,3,N8314X31U6IAK2
1404,giraffe,human,9,P5KHBZ71KF4AC1
1405,giraffe,human,4,AR4VCW612TAA69
1406,giraffe,human,8,I12REOP1P0TAJG
1407,giraffe,human,5,J8S8FTP124HA27
1408,giraffe,human,2,M8XYF851IQVASO
1409,giraffe,human,7,1X4UIXG14KZAN4
1410,giraffe,human,9,E2K9K5F1GQFA9F
1411,giraffe,human,6,ORCRK2X18YGAO7
1412,giraffe,human,5,3XW9L51ZSXA5G
1413,giraffe,human,8,XJOTN851NQIA3N
1414,giraffe,human,4,KTRKPEF1MPAA1Q
1415,giraffe,human,9,SEHEPVO1BWUACT
1416,giraffe,human,10,VU0ISM6131NAUI
1417,giraffe,human,7,ALZZUZN17OKAZR
1418,giraffe,human,4,C78DVWV1X3WAYR
1419,giraffe,human,2,KVHQX931AA0A6E
1420,giraffe,human,1,U17RZ8V1C6QAAD
1421,giraffe,human,3,GYIC0OE26R7AHF
1422,giraffe,human,7,BCI705Y2O4NAT7
1423,giraffe,human,5,AQV41WD2ZQ9AC5
1424,giraffe,human,5,27RL20E28LKAFB
1425,giraffe,human,7,AMD72C220CQA67
1426,giraffe,human,4,7C123SB2WI4AKN
1427,giraffe,human,6,7G643W32EHYASI
1428,giraffe,human,8,U7CC4G32AQLA97
1429,giraffe,human,9,SXFE5DY2G06AH5
1430,giraffe,human,7,S1MJ5P92I68ARE
1431,giraffe,human,1,HDXC5TK2NJAA0Q
1432,giraffe,human,7,ZLV37KZ2S1HAVX
1433,giraffe,human,4,3LVY76Z29MPAI4
1434,giraffe,human,6,AM5G8272II2AJ9
1435,giraffe,human,9,5AF0B7R25H0AL4
1436,giraffe,human,10,19OHE132D5OAFQ
1437,giraffe,human,7,DSPEFR2RCUAOB
1438,giraffe,human,4,VSGXHLU2EJ8ANY
1439,giraffe,human,3,N5G5HDS2CSHAIP
1440,giraffe,human,3,BC3IHM72WIMA5F
1441,giraffe,human,6,1YPFHUI2LBNA1M
1442,giraffe,human,10,4I7EHG22XFRAZP
1443,giraffe,human,9,5JLFH5O2PVWAID
1444,giraffe,human,3,8LYQIZH23M3A0L
1445,giraffe,human,8,MYOJJZ52ZAPAXZ
1446,giraffe,human,6,G0XBOM2A7XAHY
1447,giraffe,human,6,CE6YPLY29M0A5J
1448,giraffe,human,7,NVXPP0J2GPYAFX
1449,giraffe,human,9,W2IYR0F2PT8AV0
1450,giraffe,human,9,ZSXNTWI2XRBAAN
1451,giraffe,human,10,TF1DT5O2CCCAZA
1452,giraffe,human,10,XOGVU552LRIAD9
1453,giraffe,human,3,NJ3VUEC2Z2OAQO
1454,giraffe,human,5,3NKYW6C2NA3AK6
1455,giraffe,human,8,RIFNZGT25KRA47
1456,giraffe,human,9,8P5E16Q3DKZAT2
1457,giraffe,human,6,J9QO2OF3HU0AAZ
1458,giraffe,human,9,VY3S4TQ3X89A0U
1459,giraffe,human,5,KYOD77E3N5PA59
1460,giraffe,human,4,TYXC7073YRWADZ
1461,giraffe,human,8,TX0VB3535GIAAO
1462,giraffe,human,8,DE29BZD3O7LAZA
1463,giraffe,human,5,494DERF3T5GACU
1464,giraffe,human,10,ZJ4MEAN32RJA4D
1465,giraffe,human,4,OCWGEW13IMYAJ9
1466,giraffe,human,6,D2FNFMB3NB7AH1
1467,giraffe,human,7,T7K4FR532IOAPF
1468,giraffe,human,6,QX9RG3O32FKA05
1469,giraffe,human,8,GQULGGE3ZJLAD5
1470,giraffe,human,2,OALVHOB3PCTAXV
1471,giraffe,human,9,WG36I173JKLAHQ
1472,giraffe,human,4,3358L7K3NIAAPU
1473,giraffe,human,7,78ZYLZ734TRAXY
1474,giraffe,human,2,CARUOUC3CCLAWT
1475,giraffe,human,8,F1JNQVN3F0SAY6
1476,giraffe,human,7,CHIJRN23XMYA5L
1477,giraffe,human,7,V8E0SI539SKAWD
1478,giraffe,human,9,8H5OUC73CDVA59
1479,giraffe,human,3,HR7HOA5DEJAF9
1480,giraffe,human,4,Z71F2D6ALHAUQ
1481,giraffe,human,9,DODLWU9XNGABD
1482,giraffe,human,7,E44A9SA8OVANI
1483,giraffe,human,3,4GQQE6AJCZALM
1484,giraffe,human,7,DF52XJAV3XAL8
1485,giraffe,human,8,9RYFO0BYPEAYI
1486,giraffe,human,3,5UOJLRD5WYA6I
1487,giraffe,human,4,629WD6FZ0CAAZ
1488,giraffe,human,8,HXKKNLG5FJASZ
1489,giraffe,human,5,EORR3XHJHEA32
1490,giraffe,human,7,PQ9VAUHYCFA31
1491,giraffe,human,8,NCUFRIIPM4AQJ
1492,giraffe,human,8,5R39S3KOVJACB
1493,giraffe,human,7,415E13MUR5ATA
1494,giraffe,human,10,P8MDA7O2GZAL1
1495,giraffe,human,4,3HZDK8PP9ZA0Y
1496,giraffe,human,8,UDIWVARC8XABZ
1497,giraffe,human,6,QQXI85XIHEA2Q
1498,giraffe,human,8,NTZ496ZG4BAOU
1499,giraffe,human,8,1WNYA7ZH4CAYS
1500,giraffe,webp,2,93CU02214U9AH4
1501,giraffe,webp,4,CPHK0JY1YUBA9D
1502,giraffe,webp,2,QI3Z18X1E05AZJ
1503,giraffe,webp,4,N8314X31U6IAK2
1504,giraffe,webp,8,55CU8VR15WTARZ
1505,giraffe,webp,5,0L9B9RX1ZWFACY
1506,giraffe,webp,7,P5KHBZ71KF4AC1
1507,giraffe,webp,4,CUPIC6G1OJFAKM
1508,giraffe,webp,4,93KQDHS1RLVAS1
1509,giraffe,webp,6,I12REOP1P0TAJG
1510,giraffe,webp,3,M19VHZC1MMIABA
1511,giraffe,webp,4,48IBIR91JWFAKE
1512,giraffe,webp,3,H3IKIW81K7HA25
1513,giraffe,webp,1,RPR3OZT1S9SAA4
1514,giraffe,webp,6,SEHEPVO1BWUACT
1515,giraffe,webp,6,8Q8CSCG1Y88AVN
1516,giraffe,webp,7,VU0ISM6131NAUI
1517,giraffe,webp,7,ALZZUZN17OKAZR
1518,giraffe,webp,7,C78DVWV1X3WAYR
1519,giraffe,webp,1,6G3GW011T8YAYC
1520,giraffe,webp,2,GFG1XUB1F0LAIE
1521,giraffe,webp,4,HY5OXD517ATA9Q
1522,giraffe,webp,3,GYIC0OE26R7AHF
1523,giraffe,webp,1,BCI705Y2O4NAT7
1524,giraffe,webp,1,Q5S11W2MS8A9U
1525,giraffe,webp,6,27RL20E28LKAFB
1526,giraffe,webp,4,AMD72C220CQA67
1527,giraffe,webp,4,7G643W32EHYASI
1528,giraffe,webp,6,U7CC4G32AQLA97
1529,giraffe,webp,2,SXFE5DY2G06AH5
1530,giraffe,webp,5,S1MJ5P92I68ARE
1531,giraffe,webp,5,JI3M6KK2PE5ABR
1532,giraffe,webp,1,Q7D971W2TR3ASM
1533,giraffe,webp,1,Z5XN84J2YDJAWK
1534,giraffe,webp,5,861C8LQ2DULAKM
1535,giraffe,webp,5,BG3G8P32ZXPAZ9
1536,giraffe,webp,1,F5H9ACQ207RAKY
1537,giraffe,webp,7,5AF0B7R25H0AL4
1538,giraffe,webp,5,AGWKBQ920C6AQX
1539,giraffe,webp,5,XJKRCH42K8CA10
1540,giraffe,webp,5,KFY4FDK2R18AFQ
1541,giraffe,webp,5,DSPEFR2RCUAOB
1542,giraffe,webp,2,BC3IHM72WIMA5F
1543,giraffe,webp,6,MYOJJZ52ZAPAXZ
1544,giraffe,webp,4,LWGRM9H26SCA5G
1545,giraffe,webp,6,KKIXM0520VCA95
1546,giraffe,webp,3,E0MZMT2231FATI
1547,giraffe,webp,4,UQ3PNOU2ZZTAOE
1548,giraffe,webp,4,KO5RO9T2EKJAXR
1549,giraffe,webp,4,CE6YPLY29M0A5J
1550,giraffe,webp,9,NVXPP0J2GPYAFX
1551,giraffe,webp,1,WUY7RDN2AT0AYU
1552,giraffe,webp,5,785GSIR26J7AO0
1553,giraffe,webp,4,TF1DT5O2CCCAZA
1554,giraffe,webp,3,VR2TU9W2G4FAF8
1555,giraffe,webp,9,XOGVU552LRIAD9
1556,giraffe,webp,4,ADGEV092TK3ABU
1557,giraffe,webp,7,OV5SV1D292EAIK
1558,giraffe,webp,6,3NKYW6C2NA3AK6
1559,giraffe,webp,3,RIFNZGT25KRA47
1560,giraffe,webp,3,VGJU1SV3C23AEE
1561,giraffe,webp,7,8P5E16Q3DKZAT2
1562,giraffe,webp,4,J9QO2OF3HU0AAZ
1563,giraffe,webp,4,ETKW5TN3O03AE8
1564,giraffe,webp,2,V048793ERMAOG
1565,giraffe,webp,4,ZJ4MEAN32RJA4D
1566,giraffe,webp,3,OCWGEW13IMYAJ9
1567,giraffe,webp,6,ONNJF0L3LF0AFT
1568,giraffe,webp,4,OALVHOB3PCTAXV
1569,giraffe,webp,6,WG36I173JKLAHQ
1570,giraffe,webp,4,UJZZICT3QITAN4
1571,giraffe,webp,5,NLZTLFY31F3AFC
1572,giraffe,webp,3,3358L7K3NIAAPU
1573,giraffe,webp,2,78ZYLZ734TRAXY
1574,giraffe,webp,7,4AQEOGT3VD9A74
1575,giraffe,webp,9,1QD1RH33D3WAYV
1576,giraffe,webp,2,CHIJRN23XMYA5L
1577,giraffe,webp,6,V8E0SI539SKAWD
1578,giraffe,webp,3,26H3UXA33IUA3Z
1579,giraffe,webp,5,PDU8EH4DE1AY8
1580,giraffe,webp,5,Z71F2D6ALHAUQ
1581,giraffe,webp,4,60DUG1C1LZAII
1582,giraffe,webp,2,5UOJLRD5WYA6I
1583,giraffe,webp,4,QLZBTUENSIAKB
1584,giraffe,webp,5,HXKKNLG5FJASZ
1585,giraffe,webp,3,EORR3XHJHEA32
1586,giraffe,webp,4,3GHVTRHJW8AAV
1587,giraffe,webp,8,IFOYBHKQJKANY
1588,giraffe,webp,5,828YA6MF01AWJ
1589,giraffe,webp,7,YIYKGBMLT9A1V
1590,giraffe,webp,6,3HZDK8PP9ZA0Y
1591,giraffe,webp,5,QV1JQ3P78UAQ9
1592,giraffe,webp,7,UDIWVARC8XABZ
1593,giraffe,webp,4,WEOHW1SYUZA1P
1594,giraffe,webp,1,O0KFKPUJ94AGH
1595,giraffe,webp,4,FMSPXBVME3AWZ
1596,giraffe,webp,9,QQH44EW7NAAMI
1597,giraffe,webp,2,QQXI85XIHEA2Q
1598,giraffe,webp,7,JXKQQ7XFSWAUP
1599,giraffe,webp,9,YUBT4IYH45A0P
1600,beachbridge,human,5,NCUFRIIPM4AQJ
1601,beachbridge,human,4,7G643W32EHYASI
1602,beachbridge,human,9,HF1GJ2PDGJAHS
1603,beachbridge,human,5,T07IOE8H363CM3B22AS5
1604,beachbridge,human,5,E2K9K5F1GQFA9F
1605,beachbridge,human,4,VSGXHLU2EJ8ANY
1606,beachbridge,human,2,KTRKPEF1MPAA1Q
1607,beachbridge,human,8,NVXPP0J2GPYAFX
1608,beachbridge,human,2,3HZDK8PP9ZA0Y
1609,beachbridge,human,3,AQV41WD2ZQ9AC5
1610,beachbridge,human,3,M8XYF851IQVASO
1611,beachbridge,human,2,494DERF3T5GACU
1612,beachbridge,human,3,QX9RG3O32FKA05
1613,beachbridge,human,2,NTZ496ZG4BAOU
1614,beachbridge,human,4,78ZYLZ734TRAXY
1615,beachbridge,human,2,W8PW1202KGEARX
1616,beachbridge,human,8,U7CC4G32AQLA97
1617,beachbridge,human,3,19OHE132D5OAFQ
1618,beachbridge,human,5,DF52XJAV3XAL8
1619,beachbridge,human,5,1WNYA7ZH4CAYS
1620,beachbridge,human,7,SEHEPVO1BWUACT
1621,beachbridge,human,2,W2IYR0F2PT8AV0
1622,beachbridge,human,2,Z71F2D6ALHAUQ
1623,beachbridge,human,9,XNKS1JU1B70AEU
1624,beachbridge,human,6,E44A9SA8OVANI
1625,beachbridge,human,5,ORCRK2X18YGAO7
1626,beachbridge,human,2,BC3IHM72WIMA5F
1627,beachbridge,human,5,DSPEFR2RCUAOB
1628,beachbridge,human,1,KVHQX931AA0A6E
1629,beachbridge,human,5,8H5OUC73CDVA59
1630,beachbridge,human,6,XJOTN851NQIA3N
1631,beachbridge,human,6,D2FNFMB3NB7AH1
1632,beachbridge,human,2,KYOD77E3N5PA59
1633,beachbridge,human,1,CARUOUC3CCLAWT
1634,beachbridge,human,9,5JLFH5O2PVWAID
1635,beachbridge,human,4,415E13MUR5ATA
1636,beachbridge,human,7,ZSXNTWI2XRBAAN
1637,beachbridge,human,2,Q7D971W2TR3ASM
1638,beachbridge,human,5,8P5E16Q3DKZAT2
1639,beachbridge,human,8,TX0VB3535GIAAO
1640,beachbridge,human,8,TF1DT5O2CCCAZA
1641,beachbridge,human,2,5UOJLRD5WYA6I
1642,beachbridge,human,5,V8E0SI539SKAWD
1643,beachbridge,human,3,TYXC7073YRWADZ
1644,beachbridge,human,4,BCI705Y2O4NAT7
1645,beachbridge,human,3,3358L7K3NIAAPU
1646,beachbridge,human,1,HDXC5TK2NJAA0Q
1647,beachbridge,human,6,ZJ4MEAN32RJA4D
1648,beachbridge,human,3,G0XBOM2A7XAHY
1649,beachbridge,human,4,27RL20E28LKAFB
1650,beachbridge,human,4,MYOJJZ52ZAPAXZ
1651,beachbridge,human,2,DE29BZD3O7LAZA
1652,beachbridge,human,8,1X4UIXG14KZAN4
1653,beachbridge,human,4,HY5OXD517ATA9Q
1654,beachbridge,human,6,3XW9L51ZSXA5G
1655,beachbridge,human,3,OCWGEW13IMYAJ9
1656,beachbridge,human,3,J9QO2OF3HU0AAZ
1657,beachbridge,human,1,5R39S3KOVJACB
1658,beachbridge,human,2,AM5G8272II2AJ9
1659,beachbridge,human,4,UDIWVARC8XABZ
1660,beachbridge,human,2,3LVY76Z29MPAI4
1661,beachbridge,human,6,XOGVU552LRIAD9
1662,beachbridge,human,7,3NKYW6C2NA3AK6
1663,beachbridge,human,7,WG36I173JKLAHQ
1664,beachbridge,human,1,4I7EHG22XFRAZP
1665,beachbridge,human,7,4GQQE6AJCZALM
1666,beachbridge,human,3,8LYQIZH23M3A0L
1667,beachbridge,human,5,PQ9VAUHYCFA31
1668,beachbridge,human,2,GQULGGE3ZJLAD5
1669,beachbridge,human,8,P8MDA7O2GZAL1
1670,beachbridge,human,6,9RYFO0BYPEAYI
1671,beachbridge,human,7,ALZZUZN17OKAZR
1672,beachbridge,human,6,RIFNZGT25KRA47
1673,beachbridge,human,2,NJ3VUEC2Z2OAQO
1674,beachbridge,human,7,VY3S4TQ3X89A0U
1675,beachbridge,human,4,KKIXM0520VCA95
1676,beachbridge,human,1,GYIC0OE26R7AHF
1677,beachbridge,human,7,P5KHBZ71KF4AC1
1678,beachbridge,human,5,SXFE5DY2G06AH5
1679,beachbridge,human,5,1YPFHUI2LBNA1M
1680,beachbridge,human,3,N5G5HDS2CSHAIP
1681,beachbridge,human,6,C78DVWV1X3WAYR
1682,beachbridge,human,1,AR4VCW612TAA69
1683,beachbridge,human,5,AMD72C220CQA67
1684,beachbridge,human,3,OALVHOB3PCTAXV
1685,beachbridge,human,1,ZLV37KZ2S1HAVX
1686,beachbridge,human,6,I12REOP1P0TAJG
1687,beachbridge,human,8,DODLWU9XNGABD
1688,beachbridge,human,5,5AF0B7R25H0AL4
1689,beachbridge,human,4,629WD6FZ0CAAZ
1690,beachbridge,human,2,HR7HOA5DEJAF9
1691,beachbridge,human,10,N8314X31U6IAK2
1692,beachbridge,human,3,YIYKGBMLT9A1V
1693,beachbridge,human,2,CE6YPLY29M0A5J
1694,beachbridge,human,5,VU0ISM6131NAUI
1695,beachbridge,human,6,J8S8FTP124HA27
1696,beachbridge,human,4,HXKKNLG5FJASZ
1697,beachbridge,human,3,F1JNQVN3F0SAY6
1698,beachbridge,human,4,EORR3XHJHEA32
1699,beachbridge,human,1,U17RZ8V1C6QAAD
1700,beachbridge,webp,3,8Q8CSCG1Y88AVN
1701,beachbridge,webp,1,V048793ERMAOG
1702,beachbridge,webp,4,UJZZICT3QITAN4
1703,beachbridge,webp,1,RJAF7RT2GB2A0C
1704,beachbridge,webp,4,CPHK0JY1YUBA9D
1705,beachbridge,webp,5,JI3M6KK2PE5ABR
1706,beachbridge,webp,3,KFY4FDK2R18AFQ
1707,beachbridge,webp,3,0L9B9RX1ZWFACY
1708,beachbridge,webp,7,NVXPP0J2GPYAFX
1709,beachbridge,webp,3,5UOJLRD5WYA6I
1710,beachbridge,webp,4,C78DVWV1X3WAYR
1711,beachbridge,webp,4,OV5SV1D292EAIK
1712,beachbridge,webp,2,6QB2EEK183UAMX
1713,beachbridge,webp,8,JXKQQ7XFSWAUP
1714,beachbridge,webp,5,HY5OXD517ATA9Q
1715,beachbridge,webp,2,QLZBTUENSIAKB
1716,beachbridge,webp,1,O0KFKPUJ94AGH
1717,beachbridge,webp,3,J9QO2OF3HU0AAZ
1718,beachbridge,webp,5,3GHVTRHJW8AAV
1719,beachbridge,webp,2,93CU02214U9AH4
1720,beachbridge,webp,5,27RL20E28LKAFB
1721,beachbridge,webp,1,ONNJF0L3LF0AFT
1722,beachbridge,webp,7,861C8LQ2DULAKM
1723,beachbridge,webp,1,RPR3OZT1S9SAA4
1724,beachbridge,webp,2,DSPEFR2RCUAOB
1725,beachbridge,webp,5,H3IKIW81K7HA25
1726,beachbridge,webp,7,BG3G8P32ZXPAZ9
1727,beachbridge,webp,5,WEOHW1SYUZA1P
1728,beachbridge,webp,2,3HZDK8PP9ZA0Y
1729,beachbridge,webp,2,EORR3XHJHEA32
1730,beachbridge,webp,5,4AQEOGT3VD9A74
1731,beachbridge,webp,2,NUAIAYQ1HC1A99
1732,beachbridge,webp,1,Q5S11W2MS8A9U
1733,beachbridge,webp,2,OCWGEW13IMYAJ9
1734,beachbridge,webp,2,CE6YPLY29M0A5J
1735,beachbridge,webp,3,V8E0SI539SKAWD
1736,beachbridge,webp,10,IFOYBHKQJKANY
1737,beachbridge,webp,1,GFG1XUB1F0LAIE
1738,beachbridge,webp,7,XOGVU552LRIAD9
1739,beachbridge,webp,6,XNKS1JU1B70AEU
1740,beachbridge,webp,6,VGJU1SV3C23AEE
1741,beachbridge,webp,4,Z5TW7NAQHBAD
1742,beachbridge,webp,2,I12REOP1P0TAJG
1743,beachbridge,webp,4,UQ3PNOU2ZZTAOE
1744,beachbridge,webp,5,ZJ4MEAN32RJA4D
1745,beachbridge,webp,2,Z71F2D6ALHAUQ
1746,beachbridge,webp,4,78ZYLZ734TRAXY
1747,beachbridge,webp,4,ADGEV092TK3ABU
1748,beachbridge,webp,7,KO5RO9T2EKJAXR
1749,beachbridge,webp,6,55CU8VR15WTARZ
1750,beachbridge,webp,9,YUBT4IYH45A0P
1751,beachbridge,webp,3,GYIC0OE26R7AHF
1752,beachbridge,webp,6,ETKW5TN3O03AE8
1753,beachbridge,webp,5,UDIWVARC8XABZ
1754,beachbridge,webp,6,NLZTLFY31F3AFC
1755,beachbridge,webp,6,WG36I173JKLAHQ
1756,beachbridge,webp,7,QQH44EW7NAAMI
1757,beachbridge,webp,3,BC3IHM72WIMA5F
1758,beachbridge,webp,2,QV1JQ3P78UAQ9
1759,beachbridge,webp,2,Q7D971W2TR3ASM
1760,beachbridge,webp,2,RIFNZGT25KRA47
1761,beachbridge,webp,1,6G3GW011T8YAYC
1762,beachbridge,webp,4,VR2TU9W2G4FAF8
1763,beachbridge,webp,2,OALVHOB3PCTAXV
1764,beachbridge,webp,3,SXFE5DY2G06AH5
1765,beachbridge,webp,3,CHIJRN23XMYA5L
1766,beachbridge,webp,2,PDU8EH4DE1AY8
1767,beachbridge,webp,5,S1MJ5P92I68ARE
1768,beachbridge,webp,5,HXKKNLG5FJASZ
1769,beachbridge,webp,9,1QD1RH33D3WAYV
1770,beachbridge,webp,6,60DUG1C1LZAII
1771,beachbridge,webp,4,SEHEPVO1BWUACT
1772,beachbridge,webp,7,YIYKGBMLT9A1V
1773,beachbridge,webp,2,N8314X31U6IAK2
1774,beachbridge,webp,1,3358L7K3NIAAPU
1775,beachbridge,webp,1,WUY7RDN2AT0AYU
1776,beachbridge,webp,4,P5KHBZ71KF4AC1
1777,beachbridge,webp,3,LWGRM9H26SCA5G
1778,beachbridge,webp,3,XJKRCH42K8CA10
1779,beachbridge,webp,5,MYOJJZ52ZAPAXZ
1780,beachbridge,webp,7,VU0ISM6131NAUI
1781,beachbridge,webp,5,93KQDHS1RLVAS1
1782,beachbridge,webp,6,AGWKBQ920C6AQX
1783,beachbridge,webp,1,26H3UXA33IUA3Z
1784,beachbridge,webp,4,E0MZMT2231FATI
1785,beachbridge,webp,6,TF1DT5O2CCCAZA
1786,beachbridge,webp,2,QQXI85XIHEA2Q
1787,beachbridge,webp,2,785GSIR26J7AO0
1788,beachbridge,webp,8,5AF0B7R25H0AL4
1789,beachbridge,webp,3,7G643W32EHYASI
1790,beachbridge,webp,1,F5H9ACQ207RAKY
1791,beachbridge,webp,4,3NKYW6C2NA3AK6
1792,beachbridge,webp,5,CUPIC6G1OJFAKM
1793,beachbridge,webp,2,828YA6MF01AWJ
1794,beachbridge,webp,5,U7CC4G32AQLA97
1795,beachbridge,webp,3,48IBIR91JWFAKE
1796,beachbridge,webp,5,ALZZUZN17OKAZR
1797,beachbridge,webp,2,JIN82QF3G3PATX
1798,beachbridge,webp,8,8P5E16Q3DKZAT2
1799,beachbridge,webp,2,BCI705Y2O4NAT7
1800,face,human,7,NTZ496ZG4BAOU
1801,face,human,7,E2K9K5F1GQFA9F
1802,face,human,3,QX9RG3O32FKA05
1803,face,human,4,J9QO2OF3HU0AAZ
1804,face,human,6,DODLWU9XNGABD
1805,face,human,1,HDXC5TK2NJAA0Q
1806,face,human,1,4I7EHG22XFRAZP
1807,face,human,2,ZLV37KZ2S1HAVX
1808,face,human,4,HXKKNLG5FJASZ
1809,face,human,1,5UOJLRD5WYA6I
1810,face,human,1,Z71F2D6ALHAUQ
1811,face,human,2,8P5E16Q3DKZAT2
1812,face,human,5,DE29BZD3O7LAZA
1813,face,human,1,KVHQX931AA0A6E
1814,face,human,8,SXFE5DY2G06AH5
1815,face,human,2,AMD72C220CQA67
1816,face,human,4,629WD6FZ0CAAZ
1817,face,human,3,TYXC7073YRWADZ
1818,face,human,2,BCI705Y2O4NAT7
1819,face,human,1,AR4VCW612TAA69
1820,face,human,2,S1MJ5P92I68ARE
1821,face,human,1,BC3IHM72WIMA5F
1822,face,human,2,NJ3VUEC2Z2OAQO
1823,face,human,1,4GQQE6AJCZALM
1824,face,human,3,I12REOP1P0TAJG
1825,face,human,3,7G643W32EHYASI
1826,face,human,3,G0XBOM2A7XAHY
1827,face,human,3,N5G5HDS2CSHAIP
1828,face,human,2,CE6YPLY29M0A5J
1829,face,human,4,8H5OUC73CDVA59
1830,face,human,6,WG36I173JKLAHQ
1831,face,human,4,J8S8FTP124HA27
1832,face,human,3,1YPFHUI2LBNA1M
1833,face,human,1,3HZDK8PP9ZA0Y
1834,face,human,1,Q7D971W2TR3ASM
1835,face,human,4,OALVHOB3PCTAXV
1836,face,human,2,8T5Q7RH3JCYACE
1837,face,human,4,DF52XJAV3XAL8
1838,face,human,4,D2FNFMB3NB7AH1
1839,face,human,1,494DERF3T5GACU
1840,face,human,1,U17RZ8V1C6QAAD
1841,face,human,3,XOGVU552LRIAD9
1842,face,human,1,L4H0VDZ1N7SAM5
1843,face,human,2,OCWGEW13IMYAJ9
1844,face,human,2,N8314X31U6IAK2
1845,face,human,3,W2IYR0F2PT8AV0
1846,face,human,1,HR7HOA5DEJAF9
1847,face,human,2,415E13MUR5ATA
1848,face,human,4,XJOTN851NQIA3N
1849,face,human,2,78ZYLZ734TRAXY
1850,face,human,2,GYIC0OE26R7AHF
1851,face,human,8,TX0VB3535GIAAO
1852,face,human,1,V8E0SI539SKAWD
1853,face,human,1,3NKYW6C2NA3AK6
1854,face,human,6,P5KHBZ71KF4AC1
1855,face,human,7,SEHEPVO1BWUACT
1856,face,human,3,VY3S4TQ3X89A0U
1857,face,human,3,RIFNZGT25KRA47
1858,face,human,2,1WNYA7ZH4CAYS
1859,face,human,1,GSLJJVC29P7A78
1860,face,human,2,C78DVWV1X3WAYR
1861,face,human,5,ALZZUZN17OKAZR
1862,face,human,4,E44A9SA8OVANI
1863,face,human,6,XNKS1JU1B70AEU
1864,face,human,4,AQV41WD2ZQ9AC5
1865,face,human,3,UDIWVARC8XABZ
1866,face,human,2,F1JNQVN3F0SAY6
1867,face,human,2,NCUFRIIPM4AQJ
1868,face,human,3,VU0ISM6131NAUI
1869,face,human,5,T07IOE8H363CM3B22AS5
1870,face,human,1,KTRKPEF1MPAA1Q
1871,face,human,2,19OHE132D5OAFQ
1872,face,human,1,5R39S3KOVJACB
1873,face,human,2,NVXPP0J2GPYAFX
1874,face,human,6,ZJ4MEAN32RJA4D
1875,face,human,6,5AF0B7R25H0AL4
1876,face,human,5,U7CC4G32AQLA97
1877,face,human,2,KYOD77E3N5PA59
1878,face,human,1,1X4UIXG14KZAN4
1879,face,human,4,MYOJJZ52ZAPAXZ
1880,face,human,3,GQULGGE3ZJLAD5
1881,face,human,5,5JLFH5O2PVWAID
1882,face,human,1,3358L7K3NIAAPU
1883,face,human,3,DSPEFR2RCUAOB
1884,face,human,2,361OHV2BQGANI
1885,face,human,3,27RL20E28LKAFB
1886,face,human,4,PQ9VAUHYCFA31
1887,face,human,2,ZSXNTWI2XRBAAN
1888,face,human,1,3XW9L51ZSXA5G
1889,face,human,8,TF1DT5O2CCCAZA
1890,face,human,1,AM5G8272II2AJ9
1891,face,human,1,EORR3XHJHEA32
1892,face,human,4,P8MDA7O2GZAL1
1893,face,human,1,VSGXHLU2EJ8ANY
1894,face,human,5,9RYFO0BYPEAYI
1895,face,human,3,3LVY76Z29MPAI4
1896,face,human,1,M8XYF851IQVASO
1897,face,human,3,8LYQIZH23M3A0L
1898,face,human,1,CARUOUC3CCLAWT
1899,face,human,3,ORCRK2X18YGAO7
1900,face,webp,6,H3IKIW81K7HA25
1901,face,webp,3,6QB2EEK183UAMX
1902,face,webp,8,UDIWVARC8XABZ
1903,face,webp,7,NLZTLFY31F3AFC
1904,face,webp,8,CPHK0JY1YUBA9D
1905,face,webp,7,ZJ4MEAN32RJA4D
1906,face,webp,3,RPR3OZT1S9SAA4
1907,face,webp,4,93CU02214U9AH4
1908,face,webp,5,CHIJRN23XMYA5L
1909,face,webp,3,BCI705Y2O4NAT7
1910,face,webp,8,NVXPP0J2GPYAFX
1911,face,webp,4,KO5RO9T2EKJAXR
1912,face,webp,5,VGJU1SV3C23AEE
1913,face,webp,7,IFOYBHKQJKANY
1914,face,webp,5,S1MJ5P92I68ARE
1915,face,webp,8,3HZDK8PP9ZA0Y
1916,face,webp,6,HXKKNLG5FJASZ
1917,face,webp,6,MYOJJZ52ZAPAXZ
1918,face,webp,7,KKIXM0520VCA95
1919,face,webp,8,BG3G8P32ZXPAZ9
1920,face,webp,7,ALZZUZN17OKAZR
1921,face,webp,7,Q7D971W2TR3ASM
1922,face,webp,4,60DUG1C1LZAII
1923,face,webp,3,RIFNZGT25KRA47
1924,face,webp,6,NUAIAYQ1HC1A99
1925,face,webp,6,785GSIR26J7AO0
1926,face,webp,3,QLZBTUENSIAKB
1927,face,webp,7,YUBT4IYH45A0P
1928,face,webp,1,RJAF7RT2GB2A0C
1929,face,webp,4,V8E0SI539SKAWD
1930,face,webp,4,N8314X31U6IAK2
1931,face,webp,6,AMD72C220CQA67
1932,face,webp,8,3NKYW6C2NA3AK6
1933,face,webp,4,I12REOP1P0TAJG
1934,face,webp,10,93KQDHS1RLVAS1
1935,face,webp,6,ONNJF0L3LF0AFT
1936,face,webp,4,J9QO2OF3HU0AAZ
1937,face,webp,3,OCWGEW13IMYAJ9
1938,face,webp,8,VU0ISM6131NAUI
1939,face,webp,5,BC3IHM72WIMA5F
1940,face,webp,4,QQXI85XIHEA2Q
1941,face,webp,7,ETKW5TN3O03AE8
1942,face,webp,7,55CU8VR15WTARZ
1943,face,webp,9,SEHEPVO1BWUACT
1944,face,webp,7,E0MZMT2231FATI
1945,face,webp,1,WUY7RDN2AT0AYU
1946,face,webp,4,26H3UXA33IUA3Z
1947,face,webp,7,CE6YPLY29M0A5J
1948,face,webp,4,XNKS1JU1B70AEU
1949,face,webp,6,CUPIC6G1OJFAKM
1950,face,webp,7,3GHVTRHJW8AAV
1951,face,webp,4,8Q8CSCG1Y88AVN
1952,face,webp,7,UQ3PNOU2ZZTAOE
1953,face,webp,7,JXKQQ7XFSWAUP
1954,face,webp,3,GYIC0OE26R7AHF
1955,face,webp,5,Z5TW7NAQHBAD
1956,face,webp,4,UJZZICT3QITAN4
1957,face,webp,4,AGWKBQ920C6AQX
1958,face,webp,8,4AQEOGT3VD9A74
1959,face,webp,2,5UOJLRD5WYA6I
1960,face,webp,3,GFG1XUB1F0LAIE
1961,face,webp,7,YIYKGBMLT9A1V
1962,face,webp,7,828YA6MF01AWJ
1963,face,webp,1,V048793ERMAOG
1964,face,webp,3,78ZYLZ734TRAXY
1965,face,webp,4,861C8LQ2DULAKM
1966,face,webp,7,8P5E16Q3DKZAT2
1967,face,webp,4,6G3GW011T8YAYC
1968,face,webp,6,27RL20E28LKAFB
1969,face,webp,4,DSPEFR2RCUAOB
1970,face,webp,2,3358L7K3NIAAPU
1971,face,webp,8,XOGVU552LRIAD9
1972,face,webp,7,C78DVWV1X3WAYR
1973,face,webp,6,VR2TU9W2G4FAF8
1974,face,webp,6,JI3M6KK2PE5ABR
1975,face,webp,9,U7CC4G32AQLA97
1976,face,webp,4,JIN82QF3G3PATX
1977,face,webp,4,SXFE5DY2G06AH5
1978,face,webp,5,PDU8EH4DE1AY8
1979,face,webp,8,5AF0B7R25H0AL4
1980,face,webp,1,Q5S11W2MS8A9U
1981,face,webp,4,QV1JQ3P78UAQ9
1982,face,webp,5,WEOHW1SYUZA1P
1983,face,webp,9,QQH44EW7NAAMI
1984,face,webp,8,F5H9ACQ207RAKY
1985,face,webp,6,TF1DT5O2CCCAZA
1986,face,webp,4,ADGEV092TK3ABU
1987,face,webp,5,Z71F2D6ALHAUQ
1988,face,webp,8,WG36I173JKLAHQ
1989,face,webp,4,48IBIR91JWFAKE
1990,face,webp,6,OV5SV1D292EAIK
1991,face,webp,7,XJKRCH42K8CA10
1992,face,webp,6,7G643W32EHYASI
1993,face,webp,4,EORR3XHJHEA32
1994,face,webp,6,OALVHOB3PCTAXV
1995,face,webp,5,LWGRM9H26SCA5G
1996,face,webp,7,1QD1RH33D3WAYV
1997,face,webp,7,P5KHBZ71KF4AC1
1998,face,webp,4,HY5OXD517ATA9Q
1999,face,webp,5,0L9B9RX1ZWFACY
2000,intersection,human,4,T0BWF239354XO0873ARV
2001,intersection,human,3,T07IOE8H363CM3B22AS5
2002,intersection,human,8,JQBL0JA13UDAW4
2003,intersection,human,8,ODXE37U1HLXAMZ
2004,intersection,human,9,69VS7U01JD1AJJ
2005,intersection,human,8,D9EZ9UF1BE4A7I
2006,intersection,human,7,SBGCA3R1GPJA49
2007,intersection,human,3,PX4YBN416IEAN7
2008,intersection,human,9,YKK1FIS1JLGAIM
2009,intersection,human,8,0H30FV417XPAS1
2010,intersection,human,2,QJZIJ1W1FN3AON
2011,intersection,human,5,VIEAK251CL2A8J
2012,intersection,human,6,XLDULJ71NFOA3P
2013,intersection,human,4,AG39NXK1UEPAX6
2014,intersection,human,6,GGIYOKJ1B8NAL5
2015,intersection,human,8,NZNIQXI1T94A7K
2016,intersection,human,8,TOCER7J1EVYA2G
2017,intersection,human,5,8Q8CSCG1Y88AVN
2018,intersection,human,8,ICJT0IB2DKVAWZ
2019,intersection,human,5,Q5S11W2MS8A9U
2020,intersection,human,7,AQV41WD2ZQ9AC5
2021,intersection,human,7,27RL20E28LKAFB
2022,intersection,human,7,GZEE6M825AZANG
2023,intersection,human,4,RJAF7RT2GB2A0C
2024,intersection,human,4,ZLV37KZ2S1HAVX
2025,intersection,human,7,861C8LQ2DULAKM
2026,intersection,human,3,N5G5HDS2CSHAIP
2027,intersection,human,6,1YPFHUI2LBNA1M
2028,intersection,human,10,4I7EHG22XFRAZP
2029,intersection,human,8,EHVGISS2RM8AB9
2030,intersection,human,8,LN6GLW12NY3A65
2031,intersection,human,8,TF1DT5O2CCCAZA
2032,intersection,human,8,8P5E16Q3DKZAT2
2033,intersection,human,5,4FT728Q3WSYAXV
2034,intersection,human,6,ZBWO4XR3WLDAB1
2035,intersection,human,2,V048793ERMAOG
2036,intersection,human,7,FI2181U3FV6AR4
2037,intersection,human,8,KZR1CCH3KH3ALF
2038,intersection,human,8,1GYGCI936MVA8T
2039,intersection,human,7,WG36I173JKLAHQ
2040,intersection,human,6,HC8GKMJ37OUADC
2041,intersection,human,8,HV1MQCQ349IARO
2042,intersection,human,8,F1JNQVN3F0SAY6
2043,intersection,human,1,EXA6T6F391BA7W
2044,intersection,human,8,O0MBVIJ3WTOAP4
2045,intersection,human,6,QW9NTP5ELIAUI
2046,intersection,human,7,Z71F2D6ALHAUQ
2047,intersection,human,7,UL2G0L7XTLA6C
2048,intersection,human,4,G3HOBA8B8GAK3
2049,intersection,human,8,U5LGTY86HIA9
2050,intersection,human,9,DODLWU9XNGABD
2051,intersection,human,7,5W8LK6AX4LALD
2052,intersection,human,7,VCCR69BQ06ATV
2053,intersection,human,8,TKUT59CFCLA99
2054,intersection,human,4,739XAREDJ2AX1
2055,intersection,human,7,HXKKNLG5FJASZ
2056,intersection,human,8,PQ9VAUHYCFA31
2057,intersection,human,6,8KUDVUHTU4A7I
2058,intersection,human,6,5R39S3KOVJACB
2059,intersection,human,8,HURIX8KOB5AHX
2060,intersection,human,7,M52ACAMQ84AJU
2061,intersection,human,8,6AQ8YMRIWGA4U
2062,intersection,human,8,PQBQIIU9R8AVJ
2063,intersection,human,9,KONFOGU0OYATM
2064,intersection,human,4,3512O0V05FA4D
2065,intersection,human,8,JXKQQ7XFSWAUP
2066,intersection,human,7,YUBT4IYH45A0P
2067,intersection,human,8,GJE5UQYFGRAWV
2068,intersection,human,8,GQULGGE3ZJLAD5
2069,intersection,human,8,MYOJJZ52ZAPAXZ
2070,intersection,human,7,I12REOP1P0TAJG
2071,intersection,human,7,CHIJRN23XMYA5L
2072,intersection,human,10,AR4VCW612TAA69
2073,intersection,human,7,55CU8VR15WTARZ
2074,intersection,human,8,RIFNZGT25KRA47
2075,intersection,human,7,CARUOUC3CCLAWT
2076,intersection,human,7,78ZYLZ734TRAXY
2077,intersection,human,8,BG3G8P32ZXPAZ9
2078,intersection,human,8,UJZZICT3QITAN4
2079,intersection,human,8,YUBT4IYH45A0P
2080,intersection,human,8,SEHEPVO1BWUACT
2081,intersection,human,5,M52ACAMQ84AJU
2082,intersection,human,9,VGJU1SV3C23AEE
2083,intersection,human,4,AO8VFKD2794ANK
2084,intersection,human,9,LWGRM9H26SCA5G
2085,intersection,human,4,7G643W32EHYASI
2086,intersection,human,8,P5KHBZ71KF4AC1
2087,intersection,human,5,0L9B9RX1ZWFACY
2088,intersection,human,9,UX0FU9F0C0ANE
2089,intersection,human,8,3358L7K3NIAAPU
2090,intersection,human,9,JXKQQ7XFSWAUP
2091,intersection,human,7,ADGEV092TK3ABU
2092,intersection,human,7,5UOJLRD5WYA6I
2093,intersection,human,9,8EOQPM61JH6AXR
2094,intersection,human,10,U7CC4G32AQLA97
2095,intersection,human,7,WEOHW1SYUZA1P
2096,intersection,human,6,OCWGEW13IMYAJ9
2097,intersection,human,3,P92ILVV2Q1UA54
2098,intersection,human,8,60DUG1C1LZAII
2099,intersection,human,6,6G3GW011T8YAYC
2100,intersection,webp,1,O0KFKPUJ94AGH
2101,intersection,webp,5,26H3UXA33IUA3Z
2102,intersection,webp,1,V048793ERMAOG
2103,intersection,webp,1,NUAIAYQ1HC1A99
2104,intersection,webp,1,5R39S3KOVJACB
2105,intersection,webp,4,CHIJRN23XMYA5L
2106,intersection,webp,4,H3IKIW81K7HA25
2107,intersection,webp,2,RIFNZGT25KRA47
2108,intersection,webp,7,UDIWVARC8XABZ
2109,intersection,webp,3,8Q8CSCG1Y88AVN
2110,intersection,webp,2,0L9B9RX1ZWFACY
2111,intersection,webp,2,XJKRCH42K8CA10
2112,intersection,webp,4,Z71F2D6ALHAUQ
2113,intersection,webp,2,3GHVTRHJW8AAV
2114,intersection,webp,8,QQH44EW7NAAMI
2115,intersection,webp,5,WEOHW1SYUZA1P
2116,intersection,webp,4,78ZYLZ734TRAXY
2117,intersection,webp,7,4AQEOGT3VD9A74
2118,intersection,webp,3,V8E0SI539SKAWD
2119,intersection,webp,6,ZJ4MEAN32RJA4D
2120,intersection,webp,6,U7CC4G32AQLA97
2121,intersection,webp,7,MYOJJZ52ZAPAXZ
2122,intersection,webp,7,WG36I173JKLAHQ
2123,intersection,webp,7,JXKQQ7XFSWAUP
2124,intersection,webp,1,Q5S11W2MS8A9U
2125,intersection,webp,1,TV8QPM62VTZAMJ
2126,intersection,webp,4,UJZZICT3QITAN4
2127,intersection,webp,4,OALVHOB3PCTAXV
2128,intersection,webp,4,XOGVU552LRIAD9
2129,intersection,webp,3,OCWGEW13IMYAJ9
2130,intersection,webp,1,RJAF7RT2GB2A0C
2131,intersection,webp,8,5AF0B7R25H0AL4
2132,intersection,webp,4,ONNJF0L3LF0AFT
2133,intersection,webp,2,GFG1XUB1F0LAIE
2134,intersection,webp,5,ETKW5TN3O03AE8
2135,intersection,webp,6,55CU8VR15WTARZ
2136,intersection,webp,4,SXFE5DY2G06AH5
2137,intersection,webp,2,7G643W32EHYASI
2138,intersection,webp,4,NLZTLFY31F3AFC
2139,intersection,webp,2,SEHEPVO1BWUACT
2140,intersection,webp,9,NVXPP0J2GPYAFX
2141,intersection,webp,6,JI3M6KK2PE5ABR
2142,intersection,webp,6,S1MJ5P92I68ARE
2143,intersection,webp,6,60DUG1C1LZAII
2144,intersection,webp,9,IFOYBHKQJKANY
2145,intersection,webp,5,Q7D971W2TR3ASM
2146,intersection,webp,6,QV1JQ3P78UAQ9
2147,intersection,webp,3,CE6YPLY29M0A5J
2148,intersection,webp,7,93KQDHS1RLVAS1
2149,intersection,webp,6,8P5E16Q3DKZAT2
2150,intersection,webp,3,C78DVWV1X3WAYR
2151,intersection,webp,7,KO5RO9T2EKJAXR
2152,intersection,webp,3,3HZDK8PP9ZA0Y
2153,intersection,webp,3,KKIXM0520VCA95
2154,intersection,webp,3,ADGEV092TK3ABU
2155,intersection,webp,6,BG3G8P32ZXPAZ9
2156,intersection,webp,1,6G3GW011T8YAYC
2157,intersection,webp,4,VR2TU9W2G4FAF8
2158,intersection,webp,6,TF1DT5O2CCCAZA
2159,intersection,webp,4,6QB2EEK183UAMX
2160,intersection,webp,3,BC3IHM72WIMA5F
2161,intersection,webp,5,HXKKNLG5FJASZ
2162,intersection,webp,4,P5KHBZ71KF4AC1
2163,intersection,webp,3,HY5OXD517ATA9Q
2164,intersection,webp,3,CUPIC6G1OJFAKM
2165,intersection,webp,3,DSPEFR2RCUAOB
2166,intersection,webp,5,E0MZMT2231FATI
2167,intersection,webp,6,VGJU1SV3C23AEE
2168,intersection,webp,6,27RL20E28LKAFB
2169,intersection,webp,5,LWGRM9H26SCA5G
2170,intersection,webp,3,828YA6MF01AWJ
2171,intersection,webp,3,CPHK0JY1YUBA9D
2172,intersection,webp,3,EORR3XHJHEA32
2173,intersection,webp,3,861C8LQ2DULAKM
2174,intersection,webp,1,WUY7RDN2AT0AYU
2175,intersection,webp,7,ALZZUZN17OKAZR
2176,intersection,webp,8,3NKYW6C2NA3AK6
2177,intersection,webp,9,1QD1RH33D3WAYV
2178,intersection,webp,2,N8314X31U6IAK2
2179,intersection,webp,2,48IBIR91JWFAKE
2180,intersection,webp,3,KFY4FDK2R18AFQ
2181,intersection,webp,3,QLZBTUENSIAKB
2182,intersection,webp,1,F5H9ACQ207RAKY
2183,intersection,webp,1,RPR3OZT1S9SAA4
2184,intersection,webp,10,YUBT4IYH45A0P
2185,intersection,webp,3,QQXI85XIHEA2Q
2186,intersection,webp,2,5UOJLRD5WYA6I
2187,intersection,webp,4,785GSIR26J7AO0
2188,intersection,webp,4,PDU8EH4DE1AY8
2189,intersection,webp,2,I12REOP1P0TAJG
2190,intersection,webp,2,93CU02214U9AH4
2191,intersection,webp,4,BCI705Y2O4NAT7
2192,intersection,webp,4,3358L7K3NIAAPU
2193,intersection,webp,3,GYIC0OE26R7AHF
2194,intersection,webp,6,FMSPXBVME3AWZ
2195,intersection,webp,6,XNKS1JU1B70AEU
2196,intersection,webp,4,UQ3PNOU2ZZTAOE
2197,intersection,webp,3,J9QO2OF3HU0AAZ
2198,intersection,webp,6,YIYKGBMLT9A1V
2199,intersection,webp,3,OV5SV1D292EAIK
2200,sunsetlake,human,7,FI2181U3FV6AR4
2201,sunsetlake,human,3,JI3M6KK2PE5ABR
2202,sunsetlake,human,6,ZD2WG9P5OXAWN
2203,sunsetlake,human,8,O0MBVIJ3WTOAP4
2204,sunsetlake,human,6,NV434J93R3DAIF
2205,sunsetlake,human,4,BC3IHM72WIMA5F
2206,sunsetlake,human,3,NISEMUXKBPAUL
2207,sunsetlake,human,3,V8E0SI539SKAWD
2208,sunsetlake,human,9,TF1DT5O2CCCAZA
2209,sunsetlake,human,2,3LVY76Z29MPAI4
2210,sunsetlake,human,2,9UHTVY41FA2A0W
2211,sunsetlake,human,6,HXKKNLG5FJASZ
2212,sunsetlake,human,8,PX09CEO2MRKAOL
2213,sunsetlake,human,9,WG36I173JKLAHQ
2214,sunsetlake,human,7,Z2O9KG53D1NA8H
2215,sunsetlake,human,2,JMP43AP19T0A4Y
2216,sunsetlake,human,5,ICJT0IB2DKVAWZ
2217,sunsetlake,human,8,KZR1CCH3KH3ALF
2218,sunsetlake,human,2,GFG1XUB1F0LAIE
2219,sunsetlake,human,7,NCUFRIIPM4AQJ
2220,sunsetlake,human,5,UJZZICT3QITAN4
2221,sunsetlake,human,4,U17RZ8V1C6QAAD
2222,sunsetlake,human,9,NZSZV2P377XACI
2223,sunsetlake,human,3,BCI705Y2O4NAT7
2224,sunsetlake,human,6,HY5OXD517ATA9Q
2225,sunsetlake,human,7,AR4VCW612TAA69
2226,sunsetlake,human,6,3358L7K3NIAAPU
2227,sunsetlake,human,4,HPRYN6P3927A7B
2228,sunsetlake,human,3,5R39S3KOVJACB
2229,sunsetlake,human,3,T07IOE8H363CM3B22AS5
2230,sunsetlake,human,6,GGIYOKJ1B8NAL5
2231,sunsetlake,human,7,XNKS1JU1B70AEU
2232,sunsetlake,human,8,93CU02214U9AH4
2233,sunsetlake,human,7,1VJ873G29AMAOR
2234,sunsetlake,human,8,GQULGGE3ZJLAD5
2235,sunsetlake,human,5,EORR3XHJHEA32
2236,sunsetlake,human,4,6AQ8YMRIWGA4U
2237,sunsetlake,human,2,T7K4FR532IOAPF
2238,sunsetlake,human,3,AO8VFKD2794ANK
2239,sunsetlake,human,3,RIFNZGT25KRA47
2240,sunsetlake,human,7,1WNYA7ZH4CAYS
2241,sunsetlake,human,8,E2K9K5F1GQFA9F
2242,sunsetlake,human,2,KVHQX931AA0A6E
2243,sunsetlake,human,5,AQV41WD2ZQ9AC5
2244,sunsetlake,human,5,V2LFDCY652AKS
2245,sunsetlake,human,3,5UOJLRD5WYA6I
2246,sunsetlake,human,3,DF52XJAV3XAL8
2247,sunsetlake,human,8,GBLAL8580YAHE
2248,sunsetlake,human,6,J9QO2OF3HU0AAZ
2249,sunsetlake,human,3,1YPFHUI2LBNA1M
2250,sunsetlake,human,1,CARUOUC3CCLAWT
2251,sunsetlake,human,6,C78DVWV1X3WAYR
2252,sunsetlake,human,10,CRDBHE53GJMAG7
2253,sunsetlake,human,2,5XKMZIUU3BASB
2254,sunsetlake,human,4,3NKYW6C2NA3AK6
2255,sunsetlake,human,7,SEHEPVO1BWUACT
2256,sunsetlake,human,8,78ZYLZ734TRAXY
2257,sunsetlake,human,2,HURIX8KOB5AHX
2258,sunsetlake,human,7,9PIVVH53ZY5AIK
2259,sunsetlake,human,2,VSGXHLU2EJ8ANY
2260,sunsetlake,human,9,PQ9VAUHYCFA31
2261,sunsetlake,human,5,27RL20E28LKAFB
2262,sunsetlake,human,1,JBIZPJT39IVARH
2263,sunsetlake,human,3,10XRRIWRYAAVM
2264,sunsetlake,human,8,FN1WDVQH19ARE
2265,sunsetlake,human,3,JDX6WUIA6EAP9
2266,sunsetlake,human,2,V048793ERMAOG
2267,sunsetlake,human,5,N8314X31U6IAK2
2268,sunsetlake,human,5,0Y9G68G2LDLA1D
2269,sunsetlake,human,3,FQ7TDXC34WYA8X
2270,sunsetlake,human,6,NTZ496ZG4BAOU
2271,sunsetlake,human,3,6G3GW011T8YAYC
2272,sunsetlake,human,6,5AF0B7R25H0AL4
2273,sunsetlake,human,5,UDIWVARC8XABZ
2274,sunsetlake,human,2,HFGADBC39TZADO
2275,sunsetlake,human,8,ALZZUZN17OKAZR
2276,sunsetlake,human,8,18JVO6M1NZGA5S
2277,sunsetlake,human,7,F67MWUAQNXAQD
2278,sunsetlake,human,6,P5KHBZ71KF4AC1
2279,sunsetlake,human,6,MYOJJZ52ZAPAXZ
2280,sunsetlake,human,6,VU0ISM6131NAUI
2281,sunsetlake,human,6,S1MJ5P92I68ARE
2282,sunsetlake,human,3,55CU8VR15WTARZ
2283,sunsetlake,human,5,GZEE6M825AZANG
2284,sunsetlake,human,4,M8XYF851IQVASO
2285,sunsetlake,human,5,QU1GU263MN2APT
2286,sunsetlake,human,7,LF3I8TS23EAAHD
2287,sunsetlake,human,8,ODXE37U1HLXAMZ
2288,sunsetlake,human,7,U7CC4G32AQLA97
2289,sunsetlake,human,2,8EOQPM61JH6AXR
2290,sunsetlake,human,3,GYIC0OE26R7AHF
2291,sunsetlake,human,4,ZYWDWCF23BGA5E
2292,sunsetlake,human,7,QQXI85XIHEA2Q
2293,sunsetlake,human,1,AM5G8272II2AJ9
2294,sunsetlake,human,3,CUPIC6G1OJFAKM
2295,sunsetlake,human,8,RAW612J1XQGAWY
2296,sunsetlake,human,5,Q7D971W2TR3ASM
2297,sunsetlake,human,9,NVXPP0J2GPYAFX
2298,sunsetlake,human,1,OALVHOB3PCTAXV
2299,sunsetlake,human,4,CHIJRN23XMYA5L
2300,sunsetlake,webp,3,RIFNZGT25KRA47
2301,sunsetlake,webp,3,AR4VCW612TAA69
2302,sunsetlake,webp,1,WUY7RDN2AT0AYU
2303,sunsetlake,webp,8,3NKYW6C2NA3AK6
2304,sunsetlake,webp,7,XNKS1JU1B70AEU
2305,sunsetlake,webp,1,CARUOUC3CCLAWT
2306,sunsetlake,webp,5,3358L7K3NIAAPU
2307,sunsetlake,webp,2,ZLV37KZ2S1HAVX
2308,sunsetlake,webp,7,69YOYWB12BSAIH
2309,sunsetlake,webp,4,55CU8VR15WTARZ
2310,sunsetlake,webp,8,BG3G8P32ZXPAZ9
2311,sunsetlake,webp,9,5AF0B7R25H0AL4
2312,sunsetlake,webp,6,I12REOP1P0TAJG
2313,sunsetlake,webp,5,HXKKNLG5FJASZ
2314,sunsetlake,webp,6,CE6YPLY29M0A5J
2315,sunsetlake,webp,7,WG36I173JKLAHQ
2316,sunsetlake,webp,7,1WNYA7ZH4CAYS
2317,sunsetlake,webp,6,SEHEPVO1BWUACT
2318,sunsetlake,webp,2,QLZBTUENSIAKB
2319,sunsetlake,webp,4,MYOJJZ52ZAPAXZ
2320,sunsetlake,webp,6,JMP43AP19T0A4Y
2321,sunsetlake,webp,10,1H161D7FZ8A7C
2322,sunsetlake,webp,2,YO7NZPA13SZAYI
2323,sunsetlake,webp,4,ZOB1NKA1TIKAXY
2324,sunsetlake,webp,7,NH659F329UCAUK
2325,sunsetlake,webp,5,CHIJRN23XMYA5L
2326,sunsetlake,webp,6,N8314X31U6IAK2
2327,sunsetlake,webp,7,861C8LQ2DULAKM
2328,sunsetlake,webp,1,TV8QPM62VTZAMJ
2329,sunsetlake,webp,5,Y9DUK595PPA7Q
2330,sunsetlake,webp,6,7S8FGZG22DKANC
2331,sunsetlake,webp,10,ZJ4MEAN32RJA4D
2332,sunsetlake,webp,6,UJZZICT3QITAN4
2333,sunsetlake,webp,2,KYOD77E3N5PA59
2334,sunsetlake,webp,5,78ZYLZ734TRAXY
2335,sunsetlake,webp,2,RXRKLOE2RYPAUG
2336,sunsetlake,webp,8,3GHVTRHJW8AAV
2337,sunsetlake,webp,5,JI3M6KK2PE5ABR
2338,sunsetlake,webp,4,DSPEFR2RCUAOB
2339,sunsetlake,webp,5,SXFE5DY2G06AH5
2340,sunsetlake,webp,6,U17RZ8V1C6QAAD
2341,sunsetlake,webp,5,BK2FN0JD7QAPE
2342,sunsetlake,webp,2,KOM47IV2P8SAEV
2343,sunsetlake,webp,8,DF52XJAV3XAL8
2344,sunsetlake,webp,1,VSGXHLU2EJ8ANY
2345,sunsetlake,webp,3,OALVHOB3PCTAXV
2346,sunsetlake,webp,3,X6VTL6V351FAI4
2347,sunsetlake,webp,4,N5G5HDS2CSHAIP
2348,sunsetlake,webp,2,7G643W32EHYASI
2349,sunsetlake,webp,2,AO8VFKD2794ANK
2350,sunsetlake,webp,4,KFY4FDK2R18AFQ
2351,sunsetlake,webp,6,IXLS21E2VJVAXD
2352,sunsetlake,webp,7,0L9B9RX1ZWFACY
2353,sunsetlake,webp,3,BC3IHM72WIMA5F
2354,sunsetlake,webp,4,Z71F2D6ALHAUQ
2355,sunsetlake,webp,3,VCE5UJC2Y5VAV3
2356,sunsetlake,webp,2,RX626IK3TL9AJF
2357,sunsetlake,webp,5,DF79GTY3C2MA83
2358,sunsetlake,webp,6,LWGRM9H26SCA5G
2359,sunsetlake,webp,3,U2WDA3S2BXLAT8
2360,sunsetlake,webp,6,S2UIJ4832B2AGW
2361,sunsetlake,webp,7,TF1DT5O2CCCAZA
2362,sunsetlake,webp,3,05N3CNJ1L8PAA4
2363,sunsetlake,webp,9,PIXPI1P3HW9ALN
2364,sunsetlake,webp,5,8EOQPM61JH6AXR
2365,sunsetlake,webp,3,DPCAVTNAC8A2B
2366,sunsetlake,webp,8,IJ36VE32KRNAOH
2367,sunsetlake,webp,4,ADGEV092TK3ABU
2368,sunsetlake,webp,5,0DP9ANV2USPAZL
2369,sunsetlake,webp,6,4YKBZN6256DA0X
2370,sunsetlake,webp,7,VGJU1SV3C23AEE
2371,sunsetlake,webp,9,5R39S3KOVJACB
2372,sunsetlake,webp,6,4W5XC5K28XTA72
2373,sunsetlake,webp,3,7FR3BO53GXHAFG
2374,sunsetlake,webp,6,60DUG1C1LZAII
2375,sunsetlake,webp,4,S8TZ67W3RBMAYU
2376,sunsetlake,webp,7,K6F5QSO3G1SAE7
2377,sunsetlake,webp,1,13CS5HVV5DAU4
2378,sunsetlake,webp,3,CPHK0JY1YUBA9D
2379,sunsetlake,webp,4,NMLUI4B3ZLHAWR
2380,sunsetlake,webp,8,OIDPOQH3MPOA9F
2381,sunsetlake,webp,2,ZBWO4XR3WLDAB1
2382,sunsetlake,webp,6,AZVNIJY15YXAXM
2383,sunsetlake,webp,8,P5KHBZ71KF4AC1
2384,sunsetlake,webp,4,QV1JQ3P78UAQ9
2385,sunsetlake,webp,4,ICAC3NVYRCA0J
2386,sunsetlake,webp,4,XJKRCH42K8CA10
2387,sunsetlake,webp,1,43YAWUEWIGA32
2388,sunsetlake,webp,1,BH1NOKI3B88ALP
2389,sunsetlake,webp,1,P92ILVV2Q1UA54
2390,sunsetlake,webp,3,5UOJLRD5WYA6I
2391,sunsetlake,webp,4,OCWGEW13IMYAJ9
2392,sunsetlake,webp,6,828YA6MF01AWJ
2393,sunsetlake,webp,4,J9QO2OF3HU0AAZ
2394,sunsetlake,webp,10,05CSVRT1IO6APA
2395,sunsetlake,webp,3,UQ3PNOU2ZZTAOE
2396,sunsetlake,webp,5,WEOHW1SYUZA1P
2397,sunsetlake,webp,7,0V3GH29FAQAEO
2398,sunsetlake,webp,7,U7CC4G32AQLA97
2399,sunsetlake,webp,2,6G3GW011T8YAYC
2400,guitarman,human,8,KZR1CCH3KH3ALF
2401,guitarman,human,6,JMP43AP19T0A4Y
2402,guitarman,human,5,QQXI85XIHEA2Q
2403,guitarman,human,9,NVXPP0J2GPYAFX
2404,guitarman,human,6,V048793ERMAOG
2405,guitarman,human,1,EORR3XHJHEA32
2406,guitarman,human,7,LF3I8TS23EAAHD
2407,guitarman,human,3,AR4VCW612TAA69
2408,guitarman,human,6,N8314X31U6IAK2
2409,guitarman,human,5,GZEE6M825AZANG
2410,guitarman,human,4,3NKYW6C2NA3AK6
2411,guitarman,human,6,AQV41WD2ZQ9AC5
2412,guitarman,human,8,Q5CQMJRGC2ABZ
2413,guitarman,human,4,GFG1XUB1F0LAIE
2414,guitarman,human,5,NISEMUXKBPAUL
2415,guitarman,human,7,U7CC4G32AQLA97
2416,guitarman,human,7,FQ7TDXC34WYA8X
2417,guitarman,human,2,ZYWDWCF23BGA5E
2418,guitarman,human,1,NCUFRIIPM4AQJ
2419,guitarman,human,3,RIFNZGT25KRA47
2420,guitarman,human,3,8EOQPM61JH6AXR
2421,guitarman,human,2,1YPFHUI2LBNA1M
2422,guitarman,human,9,MYOJJZ52ZAPAXZ
2423,guitarman,human,8,TF1DT5O2CCCAZA
2424,guitarman,human,6,WG36I173JKLAHQ
2425,guitarman,human,1,CARUOUC3CCLAWT
2426,guitarman,human,8,RAW612J1XQGAWY
2427,guitarman,human,9,O0MBVIJ3WTOAP4
2428,guitarman,human,6,HPRYN6P3927A7B
2429,guitarman,human,3,ZD2WG9P5OXAWN
2430,guitarman,human,1,NV434J93R3DAIF
2431,guitarman,human,2,OALVHOB3PCTAXV
2432,guitarman,human,8,ODXE37U1HLXAMZ
2433,guitarman,human,5,3LVY76Z29MPAI4
2434,guitarman,human,7,UDIWVARC8XABZ
2435,guitarman,human,3,BCI705Y2O4NAT7
2436,guitarman,human,5,9UHTVY41FA2A0W
2437,guitarman,human,4,JBIZPJT39IVARH
2438,guitarman,human,9,NTZ496ZG4BAOU
2439,guitarman,human,3,1WNYA7ZH4CAYS
2440,guitarman,human,10,NZSZV2P377XACI
2441,guitarman,human,4,55CU8VR15WTARZ
2442,guitarman,human,2,T7K4FR532IOAPF
2443,guitarman,human,2,5UOJLRD5WYA6I
2444,guitarman,human,5,PQ9VAUHYCFA31
2445,guitarman,human,1,5XKMZIUU3BASB
2446,guitarman,human,5,3358L7K3NIAAPU
2447,guitarman,human,3,9PIVVH53ZY5AIK
2448,guitarman,human,3,93CU02214U9AH4
2449,guitarman,human,8,GGIYOKJ1B8NAL5
2450,guitarman,human,5,P5KHBZ71KF4AC1
2451,guitarman,human,3,GQULGGE3ZJLAD5
2452,guitarman,human,7,18JVO6M1NZGA5S
2453,guitarman,human,7,5AF0B7R25H0AL4
2454,guitarman,human,2,1VJ873G29AMAOR
2455,guitarman,human,5,UJZZICT3QITAN4
2456,guitarman,human,8,GYIC0OE26R7AHF
2457,guitarman,human,9,6G3GW011T8YAYC
2458,guitarman,human,6,5R39S3KOVJACB
2459,guitarman,human,7,PX09CEO2MRKAOL
2460,guitarman,human,3,HXKKNLG5FJASZ
2461,guitarman,human,5,10XRRIWRYAAVM
2462,guitarman,human,1,Q7D971W2TR3ASM
2463,guitarman,human,8,GBLAL8580YAHE
2464,guitarman,human,4,S1MJ5P92I68ARE
2465,guitarman,human,6,27RL20E28LKAFB
2466,guitarman,human,6,AO8VFKD2794ANK
2467,guitarman,human,8,HY5OXD517ATA9Q
2468,guitarman,human,4,CRDBHE53GJMAG7
2469,guitarman,human,3,ALZZUZN17OKAZR
2470,guitarman,human,2,BC3IHM72WIMA5F
2471,guitarman,human,5,FI2181U3FV6AR4
2472,guitarman,human,8,VU0ISM6131NAUI
2473,guitarman,human,2,C78DVWV1X3WAYR
2474,guitarman,human,7,QU1GU263MN2APT
2475,guitarman,human,1,DF52XJAV3XAL8
2476,guitarman,human,5,6AQ8YMRIWGA4U
2477,guitarman,human,3,M8XYF851IQVASO
2478,guitarman,human,3,78ZYLZ734TRAXY
2479,guitarman,human,8,SEHEPVO1BWUACT
2480,guitarman,human,6,XNKS1JU1B70AEU
2481,guitarman,human,1,AM5G8272II2AJ9
2482,guitarman,human,2,L4H0VDZ1N7SAM5
2483,guitarman,human,6,DSPEFR2RCUAOB
2484,guitarman,human,2,Z2O9KG53D1NA8H
2485,guitarman,human,3,J9QO2OF3HU0AAZ
2486,guitarman,human,6,0Y9G68G2LDLA1D
2487,guitarman,human,9,E2K9K5F1GQFA9F
2488,guitarman,human,4,HURIX8KOB5AHX
2489,guitarman,human,10,U17RZ8V1C6QAAD
2490,guitarman,human,2,T07IOE8H363CM3B22AS5
2491,guitarman,human,8,F67MWUAQNXAQD
2492,guitarman,human,2,JDX6WUIA6EAP9
2493,guitarman,human,3,V8E0SI539SKAWD
2494,guitarman,human,6,CHIJRN23XMYA5L
2495,guitarman,human,3,JI3M6KK2PE5ABR
2496,guitarman,human,7,ICJT0IB2DKVAWZ
2497,guitarman,human,1,KVHQX931AA0A6E
2498,guitarman,human,7,FN1WDVQH19ARE
2499,guitarman,human,1,VSGXHLU2EJ8ANY
2500,guitarman,webp,3,JCBU0OH3QQ9ALL
2501,guitarman,webp,3,5UOJLRD5WYA6I
2502,guitarman,webp,3,U17RZ8V1C6QAAD
2503,guitarman,webp,4,861C8LQ2DULAKM
2504,guitarman,webp,2,BH1NOKI3B88ALP
2505,guitarman,webp,6,K6F5QSO3G1SAE7
2506,guitarman,webp,2,93CU02214U9AH4
2507,guitarman,webp,4,LWGRM9H26SCA5G
2508,guitarman,webp,9,0V3GH29FAQAEO
2509,guitarman,webp,1,3358L7K3NIAAPU
2510,guitarman,webp,6,1WNYA7ZH4CAYS
2511,guitarman,webp,6,WG36I173JKLAHQ
2512,guitarman,webp,6,Y9DUK595PPA7Q
2513,guitarman,webp,2,ZOB1NKA1TIKAXY
2514,guitarman,webp,4,WEOHW1SYUZA1P
2515,guitarman,webp,7,BG3G8P32ZXPAZ9
2516,guitarman,webp,3,828YA6MF01AWJ
2517,guitarman,webp,3,UJZZICT3QITAN4
2518,guitarman,webp,1,05N3CNJ1L8PAA4
2519,guitarman,webp,2,S8TZ67W3RBMAYU
2520,guitarman,webp,2,OALVHOB3PCTAXV
2521,guitarman,webp,4,BK2FN0JD7QAPE
2522,guitarman,webp,2,ZLV37KZ2S1HAVX
2523,guitarman,webp,7,P5KHBZ71KF4AC1
2524,guitarman,webp,9,PIXPI1P3HW9ALN
2525,guitarman,webp,4,60DUG1C1LZAII
2526,guitarman,webp,4,3512O0V05FA4D
2527,guitarman,webp,3,YO7NZPA13SZAYI
2528,guitarman,webp,5,7FR3BO53GXHAFG
2529,guitarman,webp,4,CPHK0JY1YUBA9D
2530,guitarman,webp,5,RIFNZGT25KRA47
2531,guitarman,webp,3,AO8VFKD2794ANK
2532,guitarman,webp,1,TV8QPM62VTZAMJ
2533,guitarman,webp,3,7G643W32EHYASI
2534,guitarman,webp,5,J9QO2OF3HU0AAZ
2535,guitarman,webp,6,XJKRCH42K8CA10
2536,guitarman,webp,1,I12REOP1P0TAJG
2537,guitarman,webp,8,05CSVRT1IO6APA
2538,guitarman,webp,5,DPCAVTNAC8A2B
2539,guitarman,webp,6,DF52XJAV3XAL8
2540,guitarman,webp,4,78ZYLZ734TRAXY
2541,guitarman,webp,6,VGJU1SV3C23AEE
2542,guitarman,webp,3,SXFE5DY2G06AH5
2543,guitarman,webp,5,QV1JQ3P78UAQ9
2544,guitarman,webp,2,CARUOUC3CCLAWT
2545,guitarman,webp,7,5AF0B7R25H0AL4
2546,guitarman,webp,3,QLZBTUENSIAKB
2547,guitarman,webp,2,VSGXHLU2EJ8ANY
2548,guitarman,webp,5,69YOYWB12BSAIH
2549,guitarman,webp,5,SEHEPVO1BWUACT
2550,guitarman,webp,4,UQ3PNOU2ZZTAOE
2551,guitarman,webp,4,S2UIJ4832B2AGW
2552,guitarman,webp,7,JI3M6KK2PE5ABR
2553,guitarman,webp,6,TF1DT5O2CCCAZA
2554,guitarman,webp,5,55CU8VR15WTARZ
2555,guitarman,webp,5,0L9B9RX1ZWFACY
2556,guitarman,webp,5,XNKS1JU1B70AEU
2557,guitarman,webp,2,BC3IHM72WIMA5F
2558,guitarman,webp,6,HXKKNLG5FJASZ
2559,guitarman,webp,3,IJ36VE32KRNAOH
2560,guitarman,webp,10,1H161D7FZ8A7C
2561,guitarman,webp,3,DSPEFR2RCUAOB
2562,guitarman,webp,2,43YAWUEWIGA32
2563,guitarman,webp,2,RX626IK3TL9AJF
2564,guitarman,webp,2,ZBWO4XR3WLDAB1
2565,guitarman,webp,7,HURIX8KOB5AHX
2566,guitarman,webp,4,IXLS21E2VJVAXD
2567,guitarman,webp,4,NH659F329UCAUK
2568,guitarman,webp,3,DF79GTY3C2MA83
2569,guitarman,webp,3,N5G5HDS2CSHAIP
2570,guitarman,webp,8,ZJ4MEAN32RJA4D
2571,guitarman,webp,3,0DP9ANV2USPAZL
2572,guitarman,webp,4,9UHTVY41FA2A0W
2573,guitarman,webp,2,RXRKLOE2RYPAUG
2574,guitarman,webp,1,WUY7RDN2AT0AYU
2575,guitarman,webp,5,VCE5UJC2Y5VAV3
2576,guitarman,webp,1,6G3GW011T8YAYC
2577,guitarman,webp,3,MYOJJZ52ZAPAXZ
2578,guitarman,webp,6,AZVNIJY15YXAXM
2579,guitarman,webp,2,CE6YPLY29M0A5J
2580,guitarman,webp,3,Z71F2D6ALHAUQ
2581,guitarman,webp,3,ADGEV092TK3ABU
2582,guitarman,webp,4,4YKBZN6256DA0X
2583,guitarman,webp,7,3GHVTRHJW8AAV
2584,guitarman,webp,2,U2WDA3S2BXLAT8
2585,guitarman,webp,5,N8314X31U6IAK2
2586,guitarman,webp,2,KOM47IV2P8SAEV
2587,guitarman,webp,5,5R39S3KOVJACB
2588,guitarman,webp,6,ICAC3NVYRCA0J
2589,guitarman,webp,2,OCWGEW13IMYAJ9
2590,guitarman,webp,7,8EOQPM61JH6AXR
2591,guitarman,webp,1,13CS5HVV5DAU4
2592,guitarman,webp,3,KYOD77E3N5PA59
2593,guitarman,webp,1,X6VTL6V351FAI4
2594,guitarman,webp,4,JMP43AP19T0A4Y
2595,guitarman,webp,7,KFY4FDK2R18AFQ
2596,guitarman,webp,5,U7CC4G32AQLA97
2597,guitarman,webp,5,CHIJRN23XMYA5L
2598,guitarman,webp,3,7S8FGZG22DKANC
2599,guitarman,webp,4,4W5XC5K28XTA72
